	Name	Target
0	sci.space	0
1	sci.space	0
2	sci.space	0
3	sci.space	0
4	sci.space	0
5	sci.space	0
6	sci.space	0
7	sci.space	0
8	sci.space	0
9	sci.space	0
10	sci.space	0
11	sci.space	0
12	sci.space	0
13	sci.space	0
14	sci.space	0
15	sci.space	0
16	sci.space	0
17	sci.space	0
18	sci.space	0
19	sci.space	0
20	sci.space	0
21	sci.space	0
22	sci.space	0
23	sci.space	0
24	sci.space	0
25	sci.space	0
26	sci.space	0
27	sci.space	0
28	sci.space	0
29	sci.space	0
30	sci.space	0
31	sci.space	0
32	sci.space	0
33	sci.space	0
34	sci.space	0
35	sci.space	0
36	sci.space	0
37	sci.space	0
38	sci.space	0
39	sci.space	0
40	sci.space	0
41	sci.space	0
42	sci.space	0
43	sci.space	0
44	sci.space	0
45	sci.space	0
46	sci.space	0
47	sci.space	0
48	sci.space	0
49	sci.space	0
50	sci.space	0
51	sci.space	0
52	sci.space	0
53	sci.space	0
54	sci.space	0
55	sci.space	0
56	sci.space	0
57	sci.space	0
58	sci.space	0
59	sci.space	0
60	sci.space	0
61	sci.space	0
62	sci.space	0
63	sci.space	0
64	sci.space	0
65	sci.space	0
66	sci.space	0
67	sci.space	0
68	sci.space	0
69	sci.space	0
70	sci.space	0
71	sci.space	0
72	sci.space	0
73	sci.space	0
74	sci.space	0
75	sci.space	0
76	sci.space	0
77	sci.space	0
78	sci.space	0
79	sci.space	0
80	sci.space	0
81	sci.space	0
82	sci.space	0
83	sci.space	0
84	sci.space	0
85	sci.space	0
86	sci.space	0
87	sci.space	0
88	sci.space	0
89	sci.space	0
90	sci.space	0
91	sci.space	0
92	sci.space	0
93	sci.space	0
94	sci.space	0
95	sci.space	0
96	sci.space	0
97	sci.space	0
98	sci.space	0
99	sci.space	0
100	sci.space	0
101	sci.space	0
102	sci.space	0
103	sci.space	0
104	sci.space	0
105	sci.space	0
106	sci.space	0
107	sci.space	0
108	sci.space	0
109	sci.space	0
110	sci.space	0
111	sci.space	0
112	sci.space	0
113	sci.space	0
114	sci.space	0
115	sci.space	0
116	sci.space	0
117	sci.space	0
118	sci.space	0
119	sci.space	0
120	sci.space	0
121	sci.space	0
122	sci.space	0
123	sci.space	0
124	sci.space	0
125	sci.space	0
126	sci.space	0
127	sci.space	0
128	sci.space	0
129	sci.space	0
130	sci.space	0
131	sci.space	0
132	sci.space	0
133	sci.space	0
134	sci.space	0
135	sci.space	0
136	sci.space	0
137	sci.space	0
138	sci.space	0
139	sci.space	0
140	sci.space	0
141	sci.space	0
142	sci.space	0
143	sci.space	0
144	sci.space	0
145	sci.space	0
146	sci.space	0
147	sci.space	0
148	sci.space	0
149	sci.space	0
150	sci.space	0
151	sci.space	0
152	sci.space	0
153	sci.space	0
154	sci.space	0
155	sci.space	0
156	sci.space	0
157	sci.space	0
158	sci.space	0
159	sci.space	0
160	sci.space	0
161	sci.space	0
162	sci.space	0
163	sci.space	0
164	sci.space	0
165	sci.space	0
166	sci.space	0
167	sci.space	0
168	sci.space	0
169	sci.space	0
170	sci.space	0
171	sci.space	0
172	sci.space	0
173	sci.space	0
174	sci.space	0
175	sci.space	0
176	sci.space	0
177	sci.space	0
178	sci.space	0
179	sci.space	0
180	sci.space	0
181	sci.space	0
182	sci.space	0
183	sci.space	0
184	sci.space	0
185	sci.space	0
186	sci.space	0
187	sci.space	0
188	sci.space	0
189	sci.space	0
190	sci.space	0
191	sci.space	0
192	sci.space	0
193	sci.space	0
194	sci.space	0
195	sci.space	0
196	sci.space	0
197	sci.space	0
198	sci.space	0
199	sci.space	0
200	sci.space	0
201	sci.space	0
202	sci.space	0
203	sci.space	0
204	sci.space	0
205	sci.space	0
206	sci.space	0
207	sci.space	0
208	sci.space	0
209	sci.space	0
210	sci.space	0
211	sci.space	0
212	sci.space	0
213	sci.space	0
214	sci.space	0
215	sci.space	0
216	sci.space	0
217	sci.space	0
218	sci.space	0
219	sci.space	0
220	sci.space	0
221	sci.space	0
222	sci.space	0
223	sci.space	0
224	sci.space	0
225	sci.space	0
226	sci.space	0
227	sci.space	0
228	sci.space	0
229	sci.space	0
230	sci.space	0
231	sci.space	0
232	sci.space	0
233	sci.space	0
234	sci.space	0
235	sci.space	0
236	sci.space	0
237	sci.space	0
238	sci.space	0
239	sci.space	0
240	sci.space	0
241	sci.space	0
242	sci.space	0
243	sci.space	0
244	sci.space	0
245	sci.space	0
246	sci.space	0
247	sci.space	0
248	sci.space	0
249	sci.space	0
250	sci.space	0
251	sci.space	0
252	sci.space	0
253	sci.space	0
254	sci.space	0
255	sci.space	0
256	sci.space	0
257	sci.space	0
258	sci.space	0
259	sci.space	0
260	sci.space	0
261	sci.space	0
262	sci.space	0
263	sci.space	0
264	sci.space	0
265	sci.space	0
266	sci.space	0
267	sci.space	0
268	sci.space	0
269	sci.space	0
270	sci.space	0
271	sci.space	0
272	sci.space	0
273	sci.space	0
274	sci.space	0
275	sci.space	0
276	sci.space	0
277	sci.space	0
278	sci.space	0
279	sci.space	0
280	sci.space	0
281	sci.space	0
282	sci.space	0
283	sci.space	0
284	sci.space	0
285	sci.space	0
286	sci.space	0
287	sci.space	0
288	sci.space	0
289	sci.space	0
290	sci.space	0
291	sci.space	0
292	sci.space	0
293	sci.space	0
294	sci.space	0
295	sci.space	0
296	sci.space	0
297	sci.space	0
298	sci.space	0
299	sci.space	0
300	sci.space	0
301	sci.space	0
302	sci.space	0
303	sci.space	0
304	sci.space	0
305	sci.space	0
306	sci.space	0
307	sci.space	0
308	sci.space	0
309	sci.space	0
310	sci.space	0
311	sci.space	0
312	sci.space	0
313	sci.space	0
314	sci.space	0
315	sci.space	0
316	sci.space	0
317	sci.space	0
318	sci.space	0
319	sci.space	0
320	sci.space	0
321	sci.space	0
322	sci.space	0
323	sci.space	0
324	sci.space	0
325	sci.space	0
326	sci.space	0
327	sci.space	0
328	sci.space	0
329	sci.space	0
330	sci.space	0
331	sci.space	0
332	sci.space	0
333	sci.space	0
334	sci.space	0
335	sci.space	0
336	sci.space	0
337	sci.space	0
338	sci.space	0
339	sci.space	0
340	sci.space	0
341	sci.space	0
342	sci.space	0
343	sci.space	0
344	sci.space	0
345	sci.space	0
346	sci.space	0
347	sci.space	0
348	sci.space	0
349	sci.space	0
350	sci.space	0
351	sci.space	0
352	sci.space	0
353	sci.space	0
354	sci.space	0
355	sci.space	0
356	sci.space	0
357	sci.space	0
358	sci.space	0
359	sci.space	0
360	sci.space	0
361	sci.space	0
362	sci.space	0
363	sci.space	0
364	sci.space	0
365	sci.space	0
366	sci.space	0
367	sci.space	0
368	sci.space	0
369	sci.space	0
370	sci.space	0
371	sci.space	0
372	sci.space	0
373	sci.space	0
374	sci.space	0
375	sci.space	0
376	sci.space	0
377	sci.space	0
378	sci.space	0
379	sci.space	0
380	sci.space	0
381	sci.space	0
382	sci.space	0
383	sci.space	0
384	sci.space	0
385	sci.space	0
386	sci.space	0
387	sci.space	0
388	sci.space	0
389	sci.space	0
390	sci.space	0
391	sci.space	0
392	sci.space	0
393	sci.space	0
394	sci.space	0
395	sci.space	0
396	sci.space	0
397	sci.space	0
398	sci.space	0
399	sci.space	0
400	sci.space	0
401	sci.space	0
402	sci.space	0
403	sci.space	0
404	sci.space	0
405	sci.space	0
406	sci.space	0
407	sci.space	0
408	sci.space	0
409	sci.space	0
410	sci.space	0
411	sci.space	0
412	sci.space	0
413	sci.space	0
414	sci.space	0
415	sci.space	0
416	sci.space	0
417	sci.space	0
418	sci.space	0
419	sci.space	0
420	sci.space	0
421	sci.space	0
422	sci.space	0
423	sci.space	0
424	sci.space	0
425	sci.space	0
426	sci.space	0
427	sci.space	0
428	sci.space	0
429	sci.space	0
430	sci.space	0
431	sci.space	0
432	sci.space	0
433	sci.space	0
434	sci.space	0
435	sci.space	0
436	sci.space	0
437	sci.space	0
438	sci.space	0
439	sci.space	0
440	sci.space	0
441	sci.space	0
442	sci.space	0
443	sci.space	0
444	sci.space	0
445	sci.space	0
446	sci.space	0
447	sci.space	0
448	sci.space	0
449	sci.space	0
450	sci.space	0
451	sci.space	0
452	sci.space	0
453	sci.space	0
454	sci.space	0
455	sci.space	0
456	sci.space	0
457	sci.space	0
458	sci.space	0
459	sci.space	0
460	sci.space	0
461	sci.space	0
462	sci.space	0
463	sci.space	0
464	sci.space	0
465	sci.space	0
466	sci.space	0
467	sci.space	0
468	sci.space	0
469	sci.space	0
470	sci.space	0
471	sci.space	0
472	sci.space	0
473	sci.space	0
474	sci.space	0
475	sci.space	0
476	sci.space	0
477	sci.space	0
478	sci.space	0
479	sci.space	0
480	sci.space	0
481	sci.space	0
482	sci.space	0
483	sci.space	0
484	sci.space	0
485	sci.space	0
486	sci.space	0
487	sci.space	0
488	sci.space	0
489	sci.space	0
490	sci.space	0
491	sci.space	0
492	sci.space	0
493	sci.space	0
494	sci.space	0
495	sci.space	0
496	sci.space	0
497	sci.space	0
498	sci.space	0
499	sci.space	0
500	sci.space	0
501	sci.space	0
502	sci.space	0
503	sci.space	0
504	sci.space	0
505	sci.space	0
506	sci.space	0
507	sci.space	0
508	sci.space	0
509	sci.space	0
510	sci.space	0
511	sci.space	0
512	sci.space	0
513	sci.space	0
514	sci.space	0
515	sci.space	0
516	sci.space	0
517	sci.space	0
518	sci.space	0
519	sci.space	0
520	sci.space	0
521	sci.space	0
522	sci.space	0
523	sci.space	0
524	sci.space	0
525	sci.space	0
526	sci.space	0
527	sci.space	0
528	sci.space	0
529	sci.space	0
530	sci.space	0
531	sci.space	0
532	sci.space	0
533	sci.space	0
534	sci.space	0
535	sci.space	0
536	sci.space	0
537	sci.space	0
538	sci.space	0
539	sci.space	0
540	sci.space	0
541	sci.space	0
542	sci.space	0
543	sci.space	0
544	sci.space	0
545	sci.space	0
546	sci.space	0
547	sci.space	0
548	sci.space	0
549	sci.space	0
550	sci.space	0
551	sci.space	0
552	sci.space	0
553	sci.space	0
554	sci.space	0
555	sci.space	0
556	sci.space	0
557	sci.space	0
558	sci.space	0
559	sci.space	0
560	sci.space	0
561	sci.space	0
562	sci.space	0
563	sci.space	0
564	sci.space	0
565	sci.space	0
566	sci.space	0
567	sci.space	0
568	sci.space	0
569	sci.space	0
570	sci.space	0
571	sci.space	0
572	sci.space	0
573	sci.space	0
574	sci.space	0
575	sci.space	0
576	sci.space	0
577	sci.space	0
578	sci.space	0
579	sci.space	0
580	sci.space	0
581	sci.space	0
582	sci.space	0
583	sci.space	0
584	sci.space	0
585	sci.space	0
586	sci.space	0
587	sci.space	0
588	sci.space	0
589	sci.space	0
590	sci.space	0
591	sci.space	0
592	sci.space	0
