launch	133.0
satellit	79.0
probe	67.0
mission	43.0
commerci	42.0
market	41.0
orbit	41.0
univers	40.0
theori	39.0
data	38.0
nasa	38.0
astronaut	37.0
year	33.0
lunar	31.0
surfac	30.0
ftp	30.0
physicist	28.0
telescop	27.0
post	26.0
propuls	26.0
contract	25.0
candid	22.0
planet	22.0
imag	22.0
motion	22.0
model	22.0
faq	22.0
het	22.0
marin	22.0
project	21.0
sci	21.0
plan	21.0
inform	21.0
shuttl	20.0
technolog	20.0
een	19.0
acronym	19.0
earth	19.0
fund	19.0
archiv	19.0
pioneer	19.0
unifi	18.0
select	18.0
oper	18.0
anonym	18.0
directori	18.0
demand	17.0
report	17.0
firm	17.0
tax	17.0
vehicl	17.0
observatori	17.0
rocket	17.0
balloon	16.0
apr	16.0
softwar	16.0
planetari	16.0
advertis	16.0
degre	16.0
soviet	16.0
publish	15.0
design	15.0
ether	15.0
fusion	15.0
time	15.0
relat	15.0
materi	15.0
titan	15.0
applic	15.0
option	14.0
sens	14.0
book	14.0
refer	14.0
electron	14.0
volum	14.0
ssf	14.0
venera	14.0
pacastro	14.0
includ	14.0
voyag	14.0
return	14.0
flybi	14.0
remot	14.0
infrar	13.0
announc	13.0
requir	13.0
abort	13.0
commentari	13.0
station	13.0
expect	13.0
tele	13.0
atmospher	13.0
militari	13.0
aerospac	13.0
engin	13.0
radar	13.0
revenu	12.0
spacewalk	12.0
astronom	12.0
spacecraft	12.0
comprehens	12.0
dr	12.0
atom	12.0
catalog	12.0
prefix	12.0
email	12.0
veloc	12.0
access	12.0
contact	12.0
ventur	12.0
hst	12.0
observ	12.0
modul	11.0
ultraviolet	11.0
societi	11.0
rimsat	11.0
diff	11.0
gamma	11.0
activ	11.0
mail	11.0
spin	11.0
growth	11.0
logo	11.0
explor	11.0
radius	11.0
burst	11.0
launcher	11.0
invest	11.0
membership	11.0
releas	11.0
provid	11.0
isbn	11.0
attempt	11.0
capabl	10.0
intern	10.0
aviat	10.0
point	10.0
interstellar	10.0
crater	10.0
set	10.0
specialist	10.0
investig	10.0
fail	10.0
cost	10.0
utrecht	10.0
asteroid	10.0
attitud	10.0
substanti	10.0
track	10.0
predict	10.0
olympus	10.0
technic	10.0
rotat	10.0
unit	10.0
spac	10.0
pub	10.0
civilian	10.0
process	10.0
establish	10.0
martian	10.0
jupit	10.0
comput	10.0
index	10.0
format	10.0
formula	10.0
sdio	9.0
astronomi	9.0
accomplish	9.0
catalogu	9.0
server	9.0
control	9.0
constel	9.0
test	9.0
bodi	9.0
ssrt	9.0
industri	9.0
orthodox	9.0
mercuri	9.0
scienc	9.0
busi	9.0
astro	9.0
anti	9.0
redesign	9.0
spectromet	9.0
sail	9.0
arianespac	9.0
journal	9.0
current	9.0
make	9.0
experi	9.0
gov	9.0
onlin	9.0
spheric	9.0
saturn	9.0
maneuv	9.0
flight	9.0
usaf	9.0
studi	9.0
prof	9.0
graviti	9.0
projectil	9.0
ozon	8.0
centaur	8.0
moscow	8.0
institut	8.0
similar	8.0
mobil	8.0
natur	8.0
russian	8.0
outward	8.0
month	8.0
work	8.0
llnl	8.0
telecommun	8.0
kill	8.0
databas	8.0
realiti	8.0
optic	8.0
send	8.0
antenna	8.0
build	8.0
gif	8.0
hit	8.0
note	8.0
detector	8.0
space	8.0
aluminum	8.0
member	8.0
qualifi	8.0
telemetri	8.0
newslett	8.0
increas	8.0
agenc	8.0
map	8.0
egress	8.0
mathemat	8.0
assist	8.0
success	8.0
iridium	8.0
coloni	8.0
chapter	8.0
vike	7.0
usenet	7.0
class	7.0
vibrat	7.0
circular	7.0
venusian	7.0
command	7.0
ntsb	7.0
surveyor	7.0
bit	7.0
built	7.0
collid	7.0
impact	7.0
global	7.0
iapetus	7.0
clipper	7.0
billion	7.0
receiv	7.0
uranium	7.0
acceler	7.0
galaxi	7.0
ground	7.0
user	7.0
student	7.0
swedish	7.0
develop	7.0
joint	7.0
proton	7.0
million	7.0
antimatt	7.0
exist	7.0
order	7.0
land	7.0
envelop	7.0
leadership	7.0
energi	7.0
transport	7.0
transpond	7.0
letter	7.0
diamet	7.0
photon	7.0
diaspar	7.0
electr	7.0
particl	7.0
digest	7.0
dimens	7.0
edu	7.0
edit	7.0
locat	7.0
advanc	7.0
eat	7.0
mdc	7.0
rule	7.0
paid	7.0
join	7.0
annual	7.0
task	7.0
offic	7.0
ingress	7.0
base	7.0
insult	7.0
site	7.0
program	7.0
internet	7.0
stupid	7.0
corp	7.0
corpor	7.0
usa	6.0
rocketri	6.0
financi	6.0
temperatur	6.0
taiwan	6.0
phobo	6.0
safeti	6.0
confer	6.0
schedul	6.0
cgro	6.0
discov	6.0
ntis	6.0
condor	6.0
distanc	6.0
object	6.0
group	6.0
ceas	6.0
simul	6.0
divis	6.0
symposium	6.0
futur	6.0
tonga	6.0
section	6.0
consid	6.0
element	6.0
uranus	6.0
aan	6.0
copi	6.0
period	6.0
guid	6.0
foundat	6.0
column	6.0
perform	6.0
tether	6.0
generat	6.0
defens	6.0
fuel	6.0
esa	6.0
custom	6.0
thermal	6.0
equip	6.0
equat	6.0
man	6.0
enrout	6.0
frequenc	6.0
scale	6.0
function	6.0
feed	6.0
osc	6.0
physic	6.0
acro	6.0
laboratori	6.0
larsonian	6.0
willmann	6.0
idea	6.0
spacecaus	6.0
step	6.0
presid	6.0
american	6.0
algorithm	6.0
spacelink	6.0
version	6.0
broadcast	6.0
solid	6.0
world	6.0
quasar	6.0
question	6.0
antiproton	6.0
spacepac	6.0
calcul	6.0
japan	6.0
basalt	6.0
isa	6.0
issu	6.0
astrophys	6.0
behavior	6.0
problem	6.0
jbis	6.0
start	6.0
princeton	6.0
array	6.0
binari	6.0
jpl	6.0
area	6.0
mid	6.0
level	6.0
mlv	6.0
liquid	6.0
rang	6.0
librari	6.0
signal	6.0
stratospher	6.0
slot	6.0
structur	6.0
reach	6.0
act	6.0
slide	6.0
reciproc	5.0
uar	5.0
run	5.0
job	5.0
type	5.0
air	5.0
propos	5.0
specif	5.0
coverag	5.0
ad	5.0
special	5.0
exposur	5.0
address	5.0
titanium	5.0
explod	5.0
ring	5.0
spent	5.0
week	5.0
total	5.0
remain	5.0
fiberopt	5.0
interpret	5.0
feet	5.0
drag	5.0
avenu	5.0
uncharg	5.0
want	5.0
contest	5.0
investor	5.0
oldword	5.0
fantasi	5.0
ton	5.0
relay	5.0
associ	5.0
arc	5.0
jaar	5.0
explain	5.0
wide	5.0
approach	5.0
live	5.0
trajectori	5.0
lattic	5.0
achiev	5.0
effect	5.0
list	5.0
thing	5.0
describ	5.0
ref	5.0
age	5.0
limit	5.0
medium	5.0
legisl	5.0
lift	5.0
measur	5.0
licens	5.0
soft	5.0
wrap	5.0
amateur	5.0
european	5.0
recommend	5.0
smi	5.0
thrust	5.0
appear	5.0
apollo	5.0
rate	5.0
apl	5.0
advisori	5.0
aerobe	5.0
safe	5.0
answer	5.0
debri	5.0
method	5.0
region	5.0
local	5.0
evalu	5.0
sao	5.0
profit	5.0
eva	5.0
neptun	5.0
tonn	5.0
primarili	5.0
compon	5.0
bulletin	5.0
motor	5.0
starchart	5.0
chamber	5.0
separ	5.0
gravit	5.0
posit	5.0
burster	5.0
polit	5.0
school	5.0
respons	5.0
hole	5.0
pro	5.0
govern	5.0
ssto	5.0
forc	5.0
complaint	5.0
ignor	5.0
camera	5.0
strategi	5.0
usg	5.0
hga	5.0
form	5.0
bij	5.0
hpr	5.0
scientist	5.0
breath	5.0
grbs	5.0
committe	5.0
capricornia	5.0
mnemon	5.0
categori	5.0
profession	5.0
gas	5.0
potenti	5.0
nssdc	5.0
grow	5.0
sunlight	5.0
present	5.0
barrel	5.0
instrument	5.0
billboard	5.0
bitnet	5.0
conduct	5.0
batteri	5.0
plutonium	5.0
comet	5.0
revis	5.0
galileo	5.0
pressur	5.0
cnn	5.0
network	5.0
magellan	5.0
request	5.0
hiten	4.0
sakigak	4.0
encod	4.0
thread	4.0
reboost	4.0
end	4.0
hold	4.0
histori	4.0
stop	4.0
soil	4.0
gehrel	4.0
meet	4.0
enterpris	4.0
novemb	4.0
hour	4.0
environ	4.0
ephemeri	4.0
sampl	4.0
leverri	4.0
octob	4.0
glavkosmo	4.0
life	4.0
height	4.0
log	4.0
great	4.0
duti	4.0
lunch	4.0
netnew	4.0
russia	4.0
hawk	4.0
lot	4.0
hardwar	4.0
subscrib	4.0
rumor	4.0
lps	4.0
happen	4.0
handbook	4.0
eclips	4.0
overhead	4.0
second	4.0
tide	4.0
outer	4.0
summari	4.0
nasda	4.0
link	4.0
strap	4.0
effort	4.0
gps	4.0
hemispher	4.0
edutain	4.0
educ	4.0
ll	4.0
grade	4.0
load	4.0
tool	4.0
origin	4.0
sterrenkund	4.0
npo	4.0
itar	4.0
initi	4.0
teach	4.0
hagoromo	4.0
isu	4.0
machin	4.0
failur	4.0
inflat	4.0
tech	4.0
tca	4.0
monitor	4.0
singl	4.0
fact	4.0
spectrum	4.0
staat	4.0
japanes	4.0
extrem	4.0
inschrijv	4.0
moder	4.0
orient	4.0
flew	4.0
interact	4.0
financ	4.0
interplanetari	4.0
offer	4.0
spot	4.0
file	4.0
flat	4.0
introduct	4.0
island	4.0
instal	4.0
tass	4.0
februari	4.0
manufactur	4.0
miss	4.0
fluid	4.0
farsid	4.0
manifest	4.0
number	4.0
sweep	4.0
messag	4.0
exhaust	4.0
survey	4.0
meter	4.0
eventu	4.0
ics	4.0
taiwanes	4.0
met	4.0
tgc	4.0
extern	4.0
memori	4.0
europ	4.0
larg	4.0
museum	4.0
support	4.0
shut	4.0
suppli	4.0
identifi	4.0
sequenc	4.0
term	4.0
status	4.0
export	4.0
explos	4.0
miner	4.0
explan	4.0
jsc	4.0
kernel	4.0
opinion	4.0
expert	4.0
freon	4.0
motorola	4.0
expens	4.0
state	4.0
mr	4.0
tend	4.0
frequent	4.0
onderzoek	4.0
dynam	4.0
topex	4.0
coordin	4.0
ask	4.0
countri	4.0
weather	4.0
assign	4.0
uci	4.0
assum	4.0
pictur	4.0
properti	4.0
proper	4.0
worldview	4.0
propel	4.0
piggyback	4.0
contribut	4.0
audio	4.0
contrast	4.0
relief	4.0
constraint	4.0
banquet	4.0
crash	4.0
articl	4.0
twelv	4.0
arriv	4.0
triad	4.0
depart	4.0
push	4.0
deliv	4.0
pursu	4.0
analysi	4.0
purpos	4.0
public	4.0
decad	4.0
psycholog	4.0
apoge	4.0
appar	4.0
trw	4.0
daylight	4.0
rocketdyn	4.0
phase	4.0
phone	4.0
basic	4.0
beam	4.0
volt	4.0
budget	4.0
portion	4.0
clear	4.0
portugues	4.0
claim	4.0
reserv	4.0
canaver	4.0
poseidon	4.0
ve	4.0
chines	4.0
resolut	4.0
cast	4.0
charg	4.0
power	4.0
ccd	4.0
challeng	4.0
resourc	4.0
centrifug	4.0
bussard	4.0
collect	4.0
proceed	4.0
poljot	4.0
benifit	4.0
privat	4.0
plasmaktm	4.0
principl	4.0
virtual	4.0
concentr	4.0
complet	4.0
bis	4.0
violat	4.0
blown	4.0
plier	4.0
reusabl	4.0
view	4.0
bomb	4.0
pluto	4.0
commerc	4.0
reprocess	4.0
payload	4.0
cosmic	4.0
worri	4.0
path	4.0
acrv	4.0
rtg	4.0
past	4.0
travel	4.0
zijn	4.0
aircraft	4.0
distribut	4.0
disk	4.0
afb	4.0
accept	4.0
discuss	4.0
transfer	4.0
dock	4.0
academ	4.0
determin	4.0
direct	4.0
password	4.0
particip	4.0
packag	4.0
zone	4.0
zond	4.0
pariti	4.0
ilc	3.0
accredit	3.0
recent	3.0
machinelet	3.0
imagin	3.0
lung	3.0
ibm	3.0
sep	3.0
bought	3.0
price	3.0
msfc	3.0
boost	3.0
slc	3.0
booster	3.0
accur	3.0
previous	3.0
septemb	3.0
ieee	3.0
reactor	3.0
vicar	3.0
worldwid	3.0
biz	3.0
board	3.0
bimonth	3.0
bend	3.0
renew	3.0
momentum	3.0
look	3.0
prize	3.0
rcs	3.0
indo	3.0
stabil	3.0
individu	3.0
loss	3.0
visit	3.0
morn	3.0
activist	3.0
lost	3.0
replac	3.0
inclin	3.0
biolog	3.0
birr	3.0
impuls	3.0
improv	3.0
actual	3.0
matur	3.0
session	3.0
vest	3.0
multi	3.0
mysteri	3.0
sterrenkundig	3.0
massachusett	3.0
naval	3.0
head	3.0
capsul	3.0
captur	3.0
hard	3.0
practic	3.0
topic	3.0
zillion	3.0
case	3.0
studenten	3.0
readership	3.0
halo	3.0
manipul	3.0
negat	3.0
habit	3.0
negoti	3.0
sedsnew	3.0
subject	3.0
sed	3.0
valu	3.0
cbs	3.0
valid	3.0
abstract	3.0
celesti	3.0
vacuum	3.0
precess	3.0
heavier	3.0
huygen	3.0
strength	3.0
huntsvill	3.0
human	3.0
vertic	3.0
brief	3.0
hpe	3.0
begin	3.0
british	3.0
magnet	3.0
preliminari	3.0
hobbi	3.0
rescu	3.0
magnetomet	3.0
reader	3.0
cafeteria	3.0
calendar	3.0
resembl	3.0
maintain	3.0
senat	3.0
calibr	3.0
hierarch	3.0
mainten	3.0
california	3.0
skew	3.0
varieti	3.0
nation	3.0
procedur	3.0
sls	3.0
modular	3.0
approv	3.0
spaceflight	3.0
knowledg	3.0
wingert	3.0
km	3.0
kluwer	3.0
let	3.0
sodium	3.0
micrograv	3.0
kilograms	3.0
microwav	3.0
appli	3.0
pss	3.0
aid	3.0
length	3.0
approxim	3.0
junk	3.0
juli	3.0
regul	3.0
mind	3.0
arbitron	3.0
argentinian	3.0
prove	3.0
miniatur	3.0
minim	3.0
armi	3.0
aiaa	3.0
annihil	3.0
pulsar	3.0
joke	3.0
media	3.0
shuttle	3.0
layout	3.0
allow	3.0
reflector	3.0
medic	3.0
laser	3.0
altitud	3.0
sold	3.0
reform	3.0
ames	3.0
pusher	3.0
larc	3.0
sort	3.0
wire	3.0
amsat	3.0
lack	3.0
sounder	3.0
sourc	3.0
mechan	3.0
lab	3.0
kyoto	3.0
kuijper	3.0
kourou	3.0
airplan	3.0
pure	3.0
andoya	3.0
leze	3.0
mean	3.0
add	3.0
backer	3.0
sma	3.0
missil	3.0
involv	3.0
invit	3.0
australian	3.0
author	3.0
promot	3.0
ratio	3.0
waiver	3.0
promin	3.0
axi	3.0
baalk	3.0
inter	3.0
aeronaut	3.0
mit	3.0
ballist	3.0
intellig	3.0
intact	3.0
product	3.0
ray	3.0
baud	3.0
addit	3.0
solut	3.0
injuri	3.0
modifi	3.0
beauti	3.0
lobbi	3.0
proof	3.0
sign	3.0
lightsail	3.0
artifici	3.0
writeup	3.0
ship	3.0
jet	3.0
ahead	3.0
assembl	3.0
lifetim	3.0
specul	3.0
speech	3.0
speed	3.0
wrong	3.0
lighter	3.0
minut	3.0
misc	3.0
center	3.0
limb	3.0
italian	3.0
radiat	3.0
itali	3.0
african	3.0
listen	3.0
astrophysicist	3.0
isp	3.0
atleast	3.0
record	3.0
relev	3.0
cell	3.0
hap	3.0
core	3.0
techniqu	3.0
face	3.0
fabric	3.0
photomosa	3.0
typic	3.0
photograph	3.0
cover	3.0
creat	3.0
extend	3.0
telephon	3.0
photo	3.0
open	3.0
cult	3.0
turn	3.0
currenc	3.0
person	3.0
perpetu	3.0
experiment	3.0
day	3.0
opportun	3.0
oppos	3.0
perman	3.0
debat	3.0
perihelion	3.0
decemb	3.0
terrestri	3.0
evoluti	3.0
percentag	3.0
testb	3.0
pennsylvania	3.0
facil	3.0
piec	3.0
euv	3.0
correct	3.0
plasma	3.0
confirm	3.0
reward	3.0
fit	3.0
connect	3.0
consequ	3.0
consider	3.0
final	3.0
talk	3.0
constant	3.0
figur	3.0
consum	3.0
tank	3.0
fee	3.0
target	3.0
content	3.0
piston	3.0
pipe	3.0
continu	3.0
scalar	3.0
feasibl	3.0
oil	3.0
faster	3.0
controversi	3.0
convert	3.0
omg	3.0
right	3.0
teacher	3.0
central	3.0
peninsula	3.0
texa	3.0
floppi	3.0
transform	3.0
differ	3.0
diffus	3.0
digit	3.0
rover	3.0
eerst	3.0
dinner	3.0
dip	3.0
traffic	3.0
trade	3.0
disco	3.0
timer	3.0
ecc	3.0
display	3.0
overview	3.0
parallel	3.0
tns	3.0
tnt	3.0
oxid	3.0
oxygen	3.0
document	3.0
tokamak	3.0
paper	3.0
told	3.0
drop	3.0
tomahawk	3.0
rtgs	3.0
dream	3.0
pad	3.0
pack	3.0
outlin	3.0
transit	3.0
romant	3.0
thruster	3.0
europa	3.0
textur	3.0
pellet	3.0
trignometri	3.0
estim	3.0
theoret	3.0
room	3.0
organis	3.0
demonstr	3.0
densiti	3.0
error	3.0
equival	3.0
depend	3.0
payment	3.0
environment	3.0
think	3.0
entri	3.0
entir	3.0
enter	3.0
desir	3.0
energia	3.0
thought	3.0
destruct	3.0
encyclopedia	3.0
samelovich	3.0
employe	3.0
otv	3.0
transmit	3.0
transmiss	3.0
fli	3.0
geven	3.0
updat	3.0
chemic	3.0
glossi	3.0
fri	3.0
night	3.0
come	3.0
unman	3.0
nuclear	3.0
goddard	3.0
search	3.0
compani	3.0
companion	3.0
check	3.0
cheaper	3.0
compar	3.0
scientif	3.0
universiteit	3.0
swingbi	3.0
channel	3.0
polar	3.0
polici	3.0
reveal	3.0
chest	3.0
noncommerci	3.0
geolog	3.0
popul	3.0
ganymed	3.0
geophys	3.0
uplink	3.0
upgrad	3.0
galact	3.0
upcom	3.0
coalit	3.0
cold	3.0
fuselag	3.0
circl	3.0
sdi	3.0
chlorin	3.0
scout	3.0
fundament	3.0
foreach	3.0
goal	3.0
concept	3.0
utrechts	3.0
comsat	3.0
respect	3.0
review	3.0
new	3.0
neutron	3.0
graph	3.0
chang	3.0
flow	3.0
oasi	3.0
play	3.0
grain	3.0
quarter	2.0
postul	2.0
precis	2.0
nitrogen	2.0
patent	2.0
panel	2.0
queri	2.0
reaction	2.0
quiet	2.0
meant	2.0
panic	2.0
postscript	2.0
mass	2.0
positron	2.0
quot	2.0
passeng	2.0
nativ	2.0
noao	2.0
nodi	2.0
prefer	2.0
marxism	2.0
normal	2.0
really	2.0
pdt	2.0
readout	2.0
putt	2.0
pc	2.0
pvo	2.0
qed	2.0
orlean	2.0
maryland	2.0
pacif	2.0
meeus	2.0
readm	2.0
qualiti	2.0
nomin	2.0
quantum	2.0
nasp	2.0
payabl	2.0
medicin	2.0
pattern	2.0
meaning	2.0
rachtin	2.0
net	2.0
nearbi	2.0
parachut	2.0
news	2.0
newshour	2.0
parsec	2.0
paragraph	2.0
parallax	2.0
output	2.0
maximum	2.0
math	2.0
maxim	2.0
neutronensterren	2.0
pardon	2.0
overridden	2.0
overrun	2.0
read	2.0
possibl	2.0
oxford	2.0
need	2.0
owe	2.0
pour	2.0
rapid	2.0
nbs	2.0
rank	2.0
nich	2.0
massiv	2.0
matter	2.0
natuur	2.0
nist	2.0
passag	2.0
pasadena	2.0
partner	2.0
preasur	2.0
nightlin	2.0
radii	2.0
radio	2.0
newest	2.0
mastercard	2.0
prais	2.0
railroad	2.0
rais	2.0
outlook	2.0
navig	2.0
notifi	2.0
portland	2.0
print	2.0
nrl	2.0
nro	2.0
motiv	2.0
progress	2.0
offset	2.0
pitch	2.0
numer	2.0
promis	2.0
ohzora	2.0
prompt	2.0
player	2.0
primari	2.0
mount	2.0
pilot	2.0
propag	2.0
plenari	2.0
pigment	2.0
miracl	2.0
mous	2.0
onboard	2.0
priesthood	2.0
movi	2.0
plot	2.0
nucleus	2.0
mros	2.0
minovitch	2.0
ongo	2.0
offici	2.0
pixel	2.0
nus	2.0
ocean	2.0
prioriti	2.0
monogram	2.0
monoxid	2.0
moneymak	2.0
planner	2.0
obtain	2.0
molecul	2.0
molczan	2.0
occur	2.0
planitia	2.0
plausibl	2.0
moon	2.0
profil	2.0
obnoxi	2.0
processor	2.0
odd	2.0
moonbas	2.0
modern	2.0
planck	2.0
procur	2.0
objecten	2.0
produc	2.0
mothra	2.0
pizza	2.0
minor	2.0
pod	2.0
onion	2.0
pull	2.0
michoud	2.0
mhd	2.0
optim	2.0
mgds	2.0
murray	2.0
preserv	2.0
oregon	2.0
methan	2.0
pericentr	2.0
metal	2.0
perfect	2.0
mutch	2.0
mural	2.0
percent	2.0
platform	2.0
naca	2.0
pollut	2.0
nar	2.0
penalti	2.0
presenc	2.0
prepar	2.0
organ	2.0
mention	2.0
portfolio	2.0
perijov	2.0
opposit	2.0
propon	2.0
prototyp	2.0
ministri	2.0
poker	2.0
proprietari	2.0
prospector	2.0
oort	2.0
protect	2.0
mts	2.0
nsmca	2.0
protocol	2.0
pretti	2.0
pessimist	2.0
pretens	2.0
multipl	2.0
perturb	2.0
personnel	2.0
pole	2.0
politics	2.0
multibillion	2.0
perot	2.0
psi	2.0
midwestern	2.0
middl	2.0
permit	2.0
pretend	2.0
netiquett	2.0
zwart	2.0
mark	2.0
competit	2.0
compress	2.0
composit	2.0
complex	2.0
complain	2.0
compil	2.0
competitor	2.0
compact	2.0
cabin	2.0
comp	2.0
communiti	2.0
commit	2.0
commer	2.0
comment	2.0
cometari	2.0
conclud	2.0
conclus	2.0
condit	2.0
conestoga	2.0
configur	2.0
confin	2.0
confus	2.0
congress	2.0
congression	2.0
congret	2.0
conscious	2.0
conserv	2.0
consist	2.0
constitut	2.0
consult	2.0
contamin	2.0
contin	2.0
combo	2.0
combin	2.0
colour	2.0
certif	2.0
calif	2.0
caller	2.0
campus	2.0
capac	2.0
caplet	2.0
caption	2.0
care	2.0
carri	2.0
carriag	2.0
caus	2.0
caution	2.0
cdc	2.0
ceil	2.0
centuri	2.0
chanc	2.0
colorado	2.0
chao	2.0
charact	2.0
chart	2.0
chocol	2.0
citi	2.0
citizen	2.0
claus	2.0
clean	2.0
close	2.0
clue	2.0
clump	2.0
cnae	2.0
colleg	2.0
colonist	2.0
conting	2.0
contractor	2.0
contributor	2.0
destabil	2.0
dedic	2.0
defi	2.0
defin	2.0
deflat	2.0
delet	2.0
deliveri	2.0
deploy	2.0
depth	2.0
deputi	2.0
deriv	2.0
descend	2.0
descript	2.0
desert	2.0
desk	2.0
destroy	2.0
decompress	2.0
deton	2.0
deze	2.0
dfrf	2.0
dfw	2.0
die	2.0
difficult	2.0
dimension	2.0
disappear	2.0
discard	2.0
discount	2.0
discoveri	2.0
distant	2.0
dit	2.0
divert	2.0
decreas	2.0
declin	2.0
convent	2.0
crossrang	2.0
convers	2.0
convinc	2.0
correl	2.0
correspond	2.0
cosh	2.0
cosmolog	2.0
cosmonaut	2.0
cosmos	2.0
costar	2.0
counti	2.0
coupl	2.0
credit	2.0
critic	2.0
cross	2.0
cryo	2.0
decis	2.0
csn	2.0
cubic	2.0
curv	2.0
cut	2.0
cycl	2.0
dagprogramma	2.0
damag	2.0
dataset	2.0
datum	2.0
dc	2.0
dds	2.0
dead	2.0
decay	2.0
decid	2.0
calib	2.0
buy	2.0
margitan	2.0
aliv	2.0
amplifi	2.0
alway	2.0
alt	2.0
almanac	2.0
allevi	2.0
alleg	2.0
albeit	2.0
bus	2.0
albedo	2.0
alaska	2.0
ala	2.0
airspac	2.0
airport	2.0
airmail	2.0
amro	2.0
analog	2.0
analyz	2.0
anchorperson	2.0
aneutron	2.0
angel	2.0
angl	2.0
anim	2.0
anisotropi	2.0
ant	2.0
apertur	2.0
appoint	2.0
approx	2.0
arbitrari	2.0
argument	2.0
arizona	2.0
arlington	2.0
airlin	2.0
airfram	2.0
airborn	2.0
adfrf	2.0
abil	2.0
abn	2.0
aboard	2.0
ac	2.0
academi	2.0
acceller	2.0
accident	2.0
accretieschijven	2.0
acdi	2.0
acknowledg	2.0
acm	2.0
action	2.0
acuiti	2.0
adapt	2.0
adjust	2.0
aia	2.0
admit	2.0
advantag	2.0
aero	2.0
aerokosmo	2.0
aerospatial	2.0
aesthet	2.0
affect	2.0
afford	2.0
afrpl	2.0
afternoon	2.0
agenda	2.0
aggreg	2.0
ago	2.0
agre	2.0
arrang	2.0
arrl	2.0
ascent	2.0
boe	2.0
beginn	2.0
belli	2.0
belt	2.0
benefit	2.0
benoem	2.0
bet	2.0
bi	2.0
bias	2.0
biblic	2.0
bibliographi	2.0
bid	2.0
biliquid	2.0
binaries	2.0
blimp	2.0
boltzmann	2.0
beelyun	2.0
booklet	2.0
borrow	2.0
bother	2.0
boweri	2.0
box	2.0
breakthrough	2.0
breathabl	2.0
breed	2.0
brew	2.0
bring	2.0
bug	2.0
bulldozerlet	2.0
bundl	2.0
burn	2.0
began	2.0
beaten	2.0
asera	2.0
ave	2.0
asian	2.0
asiasat	2.0
asp	2.0
assess	2.0
asset	2.0
asterisk	2.0
astonomical	2.0
astrobe	2.0
astrophi	2.0
atmo	2.0
attack	2.0
attend	2.0
attent	2.0
autom	2.0
averag	2.0
beacon	2.0
avoid	2.0
awe	2.0
axaf	2.0
background	2.0
bag	2.0
baikonur	2.0
balanc	2.0
ballon	2.0
baloon	2.0
baltimor	2.0
band	2.0
baselin	2.0
bats	2.0
bbs	2.0
dmodem	2.0
dod	2.0
dollar	2.0
impress	2.0
inconvienenc	2.0
incoming	2.0
incom	2.0
incid	2.0
inch	2.0
inaud	2.0
imposs	2.0
door	2.0
import	2.0
immort	2.0
imbal	2.0
imageri	2.0
illustr	2.0
iki	2.0
incorrect	2.0
incred	2.0
independ	2.0
indic	2.0
inerti	2.0
inexpens	2.0
infant	2.0
infin	2.0
influenc	2.0
info	2.0
infrastructur	2.0
inher	2.0
inject	2.0
innov	2.0
insert	2.0
insid	2.0
inspector	2.0
iir	2.0
iii	2.0
iia	2.0
hirsch	2.0
habitat	2.0
halfway	2.0
hand	2.0
handl	2.0
har	2.0
hardlin	2.0
headlin	2.0
headquart	2.0
heat	2.0
heavi	2.0
heelal	2.0
hideous	2.0
high	2.0
higher	2.0
home	2.0
ignit	2.0
horizon	2.0
horizont	2.0
hous	2.0
hover	2.0
huge	2.0
huidig	2.0
humour	2.0
hydrazin	2.0
hydrocarbon	2.0
hydrogen	2.0
iau	2.0
icbm	2.0
ident	2.0
idl	2.0
insur	2.0
intend	2.0
intens	2.0
libya	2.0
latest	2.0
latitud	2.0
lbs	2.0
lcs	2.0
ldef	2.0
lead	2.0
learn	2.0
leav	2.0
lectur	2.0
legaci	2.0
lehr	2.0
lesson	2.0
lezingen	2.0
libertopian	2.0
lockhe	2.0
larger	2.0
longer	2.0
lorsch	2.0
lose	2.0
lox	2.0
lunat	2.0
lunisolar	2.0
macaloon	2.0
macneil	2.0
magnetospher	2.0
magnitud	2.0
major	2.0
malfunct	2.0
manag	2.0
margin	2.0
largest	2.0
languag	2.0
intro	2.0
juno	2.0
iota	2.0
ira	2.0
isas	2.0
iso	2.0
item	2.0
iue	2.0
iv	2.0
jangl	2.0
jettison	2.0
journey	2.0
jovian	2.0
jpeg	2.0
judg	2.0
jug	2.0
kaman	2.0
landsat	2.0
keesler	2.0
keyhol	2.0
kilogram	2.0
kilomet	2.0
kind	2.0
kit	2.0
klae	2.0
knew	2.0
koffi	2.0
koloc	2.0
koptev	2.0
koreasat	2.0
kosmo	2.0
labratsat	2.0
hab	2.0
gyro	2.0
gurante	2.0
exot	2.0
endeavour	2.0
ephmeri	2.0
epoxi	2.0
equal	2.0
erg	2.0
eso	2.0
essenti	2.0
evad	2.0
evid	2.0
examin	2.0
exampl	2.0
excel	2.0
excus	2.0
exo	2.0
expand	2.0
encount	2.0
expans	2.0
expel	2.0
expertis	2.0
expir	2.0
exploit	2.0
extra	2.0
extravehicular	2.0
eye	2.0
faa	2.0
facelik	2.0
fair	2.0
familiar	2.0
famous	2.0
fan	2.0
encourag	2.0
emphasi	2.0
favor	2.0
dusk	2.0
dos	2.0
doubl	2.0
downlink	2.0
downplay	2.0
dracut	2.0
draw	2.0
dri	2.0
drive	2.0
driven	2.0
dsn	2.0
dsp	2.0
dtic	2.0
dubbelst	2.0
durat	2.0
dust	2.0
elv	2.0
earlier	2.0
easi	2.0
easili	2.0
echo	2.0
eclipt	2.0
eco	2.0
econom	2.0
economi	2.0
ed	2.0
editor	2.0
effici	2.0
eindstadia	2.0
electro	2.0
electromagnet	2.0
farnsworth	2.0
featur	2.0
guidanc	2.0
gnp	2.0
gather	2.0
gatland	2.0
gave	2.0
geez	2.0
gemini	2.0
geodet	2.0
geostationari	2.0
geotail	2.0
german	2.0
ghrs	2.0
giant	2.0
giotto	2.0
glitch	2.0
gmt	2.0
god	2.0
gaspra	2.0
godzilla	2.0
gpo	2.0
graduat	2.0
grail	2.0
graphic	2.0
grappl	2.0
grasp	2.0
grb	2.0
greater	2.0
greek	2.0
greengard	2.0
gro	2.0
grs	2.0
gsfc	2.0
gaten	2.0
funet	2.0
feb	2.0
foam	2.0
feder	2.0
feel	2.0
feynman	2.0
fi	2.0
film	2.0
fiscal	2.0
fission	2.0
fix	2.0
flag	2.0
flash	2.0
flatten	2.0
float	2.0
flush	2.0
flux	2.0
foc	2.0
fruit	2.0
foil	2.0
fold	2.0
follow	2.0
food	2.0
footag	2.0
foreign	2.0
forget	2.0
fork	2.0
francophon	2.0
frascati	2.0
fraud	2.0
freak	2.0
freedom	2.0
french	2.0
reason	2.0
aa	2.0
utc	2.0
restor	2.0
telegram	2.0
sherzer	2.0
winner	2.0
respond	2.0
substanc	2.0
shield	2.0
shift	2.0
rubber	2.0
wisconsin	2.0
sec	2.0
son	2.0
techreports	2.0
stereo	2.0
seawat	2.0
transact	2.0
shock	2.0
resist	2.0
vrm	2.0
technician	2.0
sphere	2.0
vvejga	2.0
stars	2.0
restrict	2.0
win	2.0
resuppli	2.0
televis	2.0
waarnem	2.0
window	2.0
shelf	2.0
rrl	2.0
submit	2.0
suborbit	2.0
rsdwg	2.0
soul	2.0
transient	2.0
sector	2.0
subscript	2.0
secret	2.0
telepath	2.0
result	2.0
sterren	2.0
usingth	2.0
stellar	2.0
team	2.0
train	2.0
research	2.0
rendezv	2.0
tattersfield	2.0
wordt	2.0
remov	2.0
tast	2.0
tr	2.0
tidal	2.0
worker	2.0
tape	2.0
remind	2.0
rememb	2.0
tanh	2.0
wors	2.0
shown	2.0
unusu	2.0
tijden	2.0
reload	2.0
wow	2.0
reliabl	2.0
sponsor	2.0
word	2.0
volcano	2.0
verifi	2.0
suffer	2.0
vostok	2.0
stay	2.0
suffici	2.0
taxpay	2.0
reproduc	2.0
repres	2.0
stationari	2.0
voor	2.0
tvro	2.0
suggest	2.0
repli	2.0
women	2.0
sulfur	2.0
spokesperson	2.0
rep	2.0
stat	2.0
wonder	2.0
retain	2.0
tube	2.0
vehicular	2.0
trash	2.0
thiokol	2.0
thee	2.0
serv	2.0
theatr	2.0
storag	2.0
servic	2.0
vanish	2.0
warn	2.0
seti	2.0
rigor	2.0
text	2.0
westerbork	2.0
sen	2.0
wf	2.0
wfpc	2.0
setup	2.0
spaghetti	2.0
ride	2.0
variabl	2.0
strawberri	2.0
trip	2.0
risk	2.0
strateg	2.0
way	2.0
robot	2.0
sensor	2.0
wave	2.0
rod	2.0
valuabl	2.0
weapon	2.0
watch	2.0
thier	2.0
speak	2.0
vandal	2.0
seper	2.0
stori	2.0
weekend	2.0
trend	2.0
weigh	2.0
weight	2.0
wast	2.0
tesla	2.0
variant	2.0
sound	2.0
severkosmo	2.0
threshold	2.0
routin	2.0
sti	2.0
rpm	2.0
subcontractor	2.0
tsniimach	2.0
usr	2.0
uso	2.0
spend	2.0
shavit	2.0
retriev	2.0
usno	2.0
submillimet	2.0
sources	2.0
temptat	2.0
wac	2.0
temporari	2.0
telnet	2.0
retir	2.0
spectroscopi	2.0
widespread	2.0
trust	2.0
utah	2.0
sexist	2.0
spacelift	2.0
rosat	2.0
spacelab	2.0
sfu	2.0
rewrit	2.0
transmitt	2.0
revolut	2.0
vec	2.0
stuff	2.0
thousand	2.0
spectrograph	2.0
wallop	2.0
revers	2.0
translat	2.0
round	2.0
spectroscop	2.0
shape	2.0
voic	2.0
suit	2.0
salyut	2.0
reentri	2.0
unm	2.0
visa	2.0
slush	2.0
tourism	2.0
unix	2.0
simpl	2.0
sluic	2.0
write	2.0
simpli	2.0
ultim	2.0
suppress	2.0
stage	2.0
supris	2.0
yak	2.0
saturnian	2.0
yaw	2.0
synthet	2.0
yeah	2.0
reflect	2.0
refuel	2.0
takeov	2.0
vision	2.0
stand	2.0
signalen	2.0
regolith	2.0
visual	2.0
registr	2.0
sat	2.0
xenon	2.0
supernova	2.0
screw	2.0
smaller	2.0
tiro	2.0
visibl	2.0
signatur	2.0
taff	2.0
signific	2.0
stall	2.0
silicon	2.0
xski	2.0
scrambl	2.0
titusvill	2.0
spring	2.0
swept	2.0
zeven	2.0
unfurl	2.0
zogeheten	2.0
uncorrect	2.0
skill	2.0
zullen	2.0
sustain	2.0
unfair	2.0
slight	2.0
slower	2.0
sceneri	2.0
slice	2.0
recal	2.0
skylab	2.0
rec	2.0
understand	2.0
srb	2.0
scheme	2.0
sqrt	2.0
reconnaiss	2.0
spysat	2.0
recov	2.0
unacceler	2.0
univ	2.0
sinh	2.0
unionist	2.0
vhf	2.0
union	2.0
sit	2.0
unauthor	2.0
surpris	2.0
sst	2.0
today	2.0
uncertain	2.0
scan	2.0
recreat	2.0
uniform	2.0
sputter	2.0
size	2.0
wwii	2.0
suppos	2.0
thermomet	2.0
sunris	2.0
sarex	2.0
standard	2.0
smooth	2.0
relativist	2.0
relationship	2.0
standbi	2.0
siberian	2.0
reinforc	2.0
written	2.0
snap	2.0
sigma	2.0
wsf	2.0
wrote	2.0
vesc	2.0
snel	2.0
underwat	2.0
rehash	2.0
sunset	2.0
starcat	2.0
timelin	2.0
spray	2.0
reject	2.0
sas	2.0
sunshad	2.0
sar	2.0
toss	1.0
don	1.0
doppler	1.0
despis	1.0
disput	1.0
doppelganger	1.0
donat	1.0
treat	1.0
treason	1.0
dont	1.0
diseas	1.0
travers	1.0
dissemin	1.0
disqualif	1.0
destin	1.0
devot	1.0
devlop	1.0
devic	1.0
discrimin	1.0
deviat	1.0
development	1.0
transocean	1.0
deutsch	1.0
detract	1.0
doka	1.0
transon	1.0
totem	1.0
transpar	1.0
domain	1.0
deter	1.0
domest	1.0
transuran	1.0
detect	1.0
dish	1.0
trap	1.0
domin	1.0
disgust	1.0
toshikazu	1.0
treati	1.0
dismay	1.0
download	1.0
depress	1.0
deposit	1.0
topographi	1.0
tri	1.0
deplet	1.0
downrang	1.0
dispers	1.0
depict	1.0
downward	1.0
dismount	1.0
triangul	1.0
dozen	1.0
tribe	1.0
dozer	1.0
tricki	1.0
densest	1.0
topograph	1.0
disneyworld	1.0
dens	1.0
disorgan	1.0
deprogram	1.0
trendi	1.0
dispos	1.0
torch	1.0
deserv	1.0
dordrecht	1.0
treatment	1.0
dishaw	1.0
descriptor	1.0
tree	1.0
dot	1.0
trek	1.0
toronto	1.0
disintegr	1.0
descent	1.0
tps	1.0
doubt	1.0
tremend	1.0
diskett	1.0
desatur	1.0
trench	1.0
deris	1.0
dougla	1.0
dislik	1.0
tpa	1.0
dextrous	1.0
director	1.0
doi	1.0
divers	1.0
disappoint	1.0
diverg	1.0
disapprov	1.0
transcontinent	1.0
distress	1.0
differenti	1.0
transcrib	1.0
transcript	1.0
diet	1.0
disarma	1.0
disagre	1.0
disarray	1.0
dient	1.0
tout	1.0
divid	1.0
tourist	1.0
division	1.0
disassembl	1.0
disast	1.0
distort	1.0
trail	1.0
diver	1.0
disastr	1.0
tranquil	1.0
dipeitro	1.0
trailblaz	1.0
trainer	1.0
dirti	1.0
dioxid	1.0
traj	1.0
dis	1.0
dimethyl	1.0
tran	1.0
disa	1.0
difficulti	1.0
digiti	1.0
tow	1.0
transatlant	1.0
dig	1.0
disturb	1.0
transceiv	1.0
toutati	1.0
disadvantag	1.0
dive	1.0
distinguish	1.0
distinct	1.0
dogma	1.0
diagon	1.0
doctor	1.0
transitorium	1.0
diamat	1.0
discover	1.0
trachten	1.0
tougher	1.0
dialup	1.0
diagram	1.0
touch	1.0
doe	1.0
diaphragm	1.0
discrep	1.0
diabol	1.0
doee	1.0
discret	1.0
dirct	1.0
dissolv	1.0
dissip	1.0
transliter	1.0
dof	1.0
tracker	1.0
docking	1.0
denot	1.0
disciplinari	1.0
disc	1.0
did	1.0
tradit	1.0
dict	1.0
distil	1.0
dichotomi	1.0
tower	1.0
dmsp	1.0
disciplin	1.0
dna	1.0
tour	1.0
disclaim	1.0
doabl	1.0
traction	1.0
transistor	1.0
discontinu	1.0
tract	1.0
diaphram	1.0
doc	1.0
toxic	1.0
discretionari	1.0
reassur	1.0
denial	1.0
cov	1.0
countrysid	1.0
coup	1.0
typein	1.0
courag	1.0
cours	1.0
courtesi	1.0
tycho	1.0
uaf	1.0
twinki	1.0
covering	1.0
crack	1.0
cradl	1.0
craf	1.0
twilight	1.0
typo	1.0
counter	1.0
craze	1.0
ufo	1.0
uitgereikt	1.0
uit	1.0
cosmodrom	1.0
uhf	1.0
cosmologist	1.0
ugc	1.0
cosponsor	1.0
countdown	1.0
udmh	1.0
ubm	1.0
costruct	1.0
couch	1.0
council	1.0
count	1.0
twere	1.0
crazi	1.0
corros	1.0
crumb	1.0
crosspost	1.0
crowd	1.0
crown	1.0
crres	1.0
crucial	1.0
crude	1.0
crumbl	1.0
twart	1.0
crush	1.0
crust	1.0
crustal	1.0
tutori	1.0
cryogen	1.0
cryptic	1.0
crossfir	1.0
crop	1.0
crazy	1.0
credits	1.0
twenti	1.0
creation	1.0
creativ	1.0
creator	1.0
creatur	1.0
tweedejaar	1.0
cretac	1.0
tweed	1.0
crew	1.0
cri	1.0
crisi	1.0
crit	1.0
criteria	1.0
criterion	1.0
corrupt	1.0
uji	1.0
cs	1.0
unclassifi	1.0
unconfirm	1.0
construct	1.0
unclutt	1.0
unclear	1.0
consumpt	1.0
cont	1.0
contain	1.0
uncontrol	1.0
uncl	1.0
contend	1.0
unchang	1.0
uncertifi	1.0
context	1.0
uncertainti	1.0
constrain	1.0
unconvent	1.0
unbeliev	1.0
underpay	1.0
congressperson	1.0
understat	1.0
conic	1.0
conjug	1.0
conjunct	1.0
underscor	1.0
underground	1.0
const	1.0
undergo	1.0
uncov	1.0
uncorrupt	1.0
consolid	1.0
consortia	1.0
consortium	1.0
continent	1.0
continuin	1.0
uk	1.0
copyright	1.0
cooper	1.0
umb	1.0
copier	1.0
copious	1.0
copius	1.0
coprocessor	1.0
ullag	1.0
umbil	1.0
coreograph	1.0
corner	1.0
coron	1.0
uleth	1.0
ukst	1.0
ukrain	1.0
cool	1.0
convient	1.0
contour	1.0
contridict	1.0
unawar	1.0
contractu	1.0
contradict	1.0
contrari	1.0
unacknowledg	1.0
unaccess	1.0
unabl	1.0
convien	1.0
umpir	1.0
contruct	1.0
conveni	1.0
umm	1.0
umbriel	1.0
umbrella	1.0
crystal	1.0
csc	1.0
trickl	1.0
ded	1.0
trivial	1.0
decnet	1.0
triumph	1.0
decor	1.0
triton	1.0
dector	1.0
tritium	1.0
troop	1.0
deelnam	1.0
deelnem	1.0
deelnemen	1.0
deem	1.0
deep	1.0
deeper	1.0
declar	1.0
decipher	1.0
defcon	1.0
draft	1.0
truism	1.0
truck	1.0
debt	1.0
dec	1.0
troublesom	1.0
decalcif	1.0
trouble	1.0
decim	1.0
deceiv	1.0
deceler	1.0
troubl	1.0
decennia	1.0
decent	1.0
tropospher	1.0
deepli	1.0
defect	1.0
deal	1.0
deltaclipp	1.0
delic	1.0
delight	1.0
delin	1.0
trigger	1.0
trig	1.0
delta	1.0
deltav	1.0
trillion	1.0
delv	1.0
trident	1.0
demo	1.0
democraci	1.0
democrat	1.0
demonstart	1.0
deliber	1.0
delay	1.0
defend	1.0
deflect	1.0
trippi	1.0
tripl	1.0
deficit	1.0
tripe	1.0
definit	1.0
definitivi	1.0
deform	1.0
deimo	1.0
defray	1.0
defunct	1.0
defund	1.0
deg	1.0
degener	1.0
trim	1.0
dealt	1.0
deadlin	1.0
cshow	1.0
cutaway	1.0
turbul	1.0
curriculum	1.0
curtail	1.0
turbo	1.0
tupolev	1.0
tunnel	1.0
cutoff	1.0
curious	1.0
cutter	1.0
tune	1.0
cyclad	1.0
cyclic	1.0
cygnus	1.0
cylind	1.0
turf	1.0
curios	1.0
daaropvolgend	1.0
culler	1.0
csm	1.0
tussen	1.0
cstc	1.0
ctio	1.0
cu	1.0
turntabl	1.0
culpa	1.0
curio	1.0
turnaround	1.0
cultist	1.0
cultiv	1.0
cultur	1.0
cup	1.0
cure	1.0
czcs	1.0
dadi	1.0
truss	1.0
daytim	1.0
datri	1.0
tss	1.0
daughter	1.0
daunt	1.0
daydream	1.0
tsiklon	1.0
truth	1.0
ttyl	1.0
dca	1.0
dci	1.0
dcx	1.0
dda	1.0
ddcu	1.0
deactiv	1.0
date	1.0
tucson	1.0
daggett	1.0
damper	1.0
tumbl	1.0
dagvoorzitt	1.0
daily	1.0
dak	1.0
tug	1.0
damn	1.0
danger	1.0
dat	1.0
dangl	1.0
dare	1.0
daredevil	1.0
dark	1.0
darman	1.0
darmstadt	1.0
topo	1.0
ecuador	1.0
tonigth	1.0
eyesight	1.0
fake	1.0
fall	1.0
fallaci	1.0
fallback	1.0
famili	1.0
tdrss	1.0
familiy	1.0
famin	1.0
tdrs	1.0
tcs	1.0
fanat	1.0
tcp	1.0
fantasyland	1.0
farc	1.0
farce	1.0
fainter	1.0
teamster	1.0
failsaf	1.0
technisch	1.0
technophil	1.0
technology	1.0
technologi	1.0
technocultur	1.0
facilit	1.0
facin	1.0
factor	1.0
faili	1.0
factori	1.0
factual	1.0
faculti	1.0
fade	1.0
fahrenheit	1.0
fai	1.0
farm	1.0
farmland	1.0
taxi	1.0
feedback	1.0
feat	1.0
tau	1.0
features	1.0
fed	1.0
tarz	1.0
taper	1.0
tankag	1.0
feasabl	1.0
feestelijk	1.0
fel	1.0
fellowship	1.0
felt	1.0
femal	1.0
femin	1.0
taur	1.0
fear	1.0
taxes	1.0
fat	1.0
farther	1.0
fascin	1.0
fascist	1.0
fashion	1.0
taxat	1.0
fastest	1.0
fate	1.0
fd	1.0
fault	1.0
faulti	1.0
taurus	1.0
favorit	1.0
favour	1.0
fbos	1.0
eyesore	1.0
tect	1.0
fermilab	1.0
extrud	1.0
exercis	1.0
exert	1.0
terminolog	1.0
exhibit	1.0
exig	1.0
terminals	1.0
existens	1.0
exit	1.0
termin	1.0
exobiologist	1.0
terecht	1.0
exp	1.0
tenth	1.0
tent	1.0
expeci	1.0
exempt	1.0
exemplari	1.0
execut	1.0
excerpt	1.0
exagger	1.0
terrapin	1.0
terrain	1.0
excav	1.0
exceed	1.0
terraform	1.0
excess	1.0
terr	1.0
exchang	1.0
excit	1.0
exclud	1.0
exclus	1.0
exclusief	1.0
excurs	1.0
tens	1.0
expedit	1.0
tender	1.0
extol	1.0
ext	1.0
extens	1.0
extent	1.0
teleoper	1.0
extinct	1.0
extinguish	1.0
extract	1.0
express	1.0
extragalact	1.0
extran	1.0
extraterrestri	1.0
teflon	1.0
extream	1.0
teen	1.0
expressli	1.0
telepathi	1.0
expend	1.0
tellecommun	1.0
expenditur	1.0
tenant	1.0
tenanc	1.0
experienc	1.0
temporarili	1.0
tellur	1.0
explifi	1.0
exposit	1.0
tell	1.0
telken	1.0
telerobot	1.0
exponenti	1.0
telephoni	1.0
expos	1.0
ferment	1.0
feroci	1.0
tonight	1.0
flr	1.0
folk	1.0
symmetr	1.0
followon	1.0
followup	1.0
fond	1.0
symbol	1.0
fool	1.0
foolerie	1.0
foolish	1.0
sycoph	1.0
footprint	1.0
forbear	1.0
forbid	1.0
switchgear	1.0
fore	1.0
symposiummap	1.0
fokker	1.0
symposiumza	1.0
syndic	1.0
fluffi	1.0
fluktuati	1.0
flurri	1.0
synthesi	1.0
syndrom	1.0
flwed	1.0
synchron	1.0
foghorn	1.0
fob	1.0
symptom	1.0
focal	1.0
foci	1.0
focus	1.0
focuss	1.0
switch	1.0
forebod	1.0
forecast	1.0
fos	1.0
forsale	1.0
forti	1.0
fortran	1.0
fortun	1.0
forum	1.0
forward	1.0
fossil	1.0
formul	1.0
fotentim	1.0
foul	1.0
sweetheart	1.0
founder	1.0
fourier	1.0
foward	1.0
swell	1.0
formal	1.0
forefront	1.0
forever	1.0
swing	1.0
forelock	1.0
forens	1.0
foresight	1.0
forestri	1.0
forev	1.0
forg	1.0
swf	1.0
swindl	1.0
forgiv	1.0
forgiven	1.0
forgot	1.0
forgotten	1.0
swim	1.0
fluctuat	1.0
flown	1.0
fesibl	1.0
floweri	1.0
tamp	1.0
filenam	1.0
filetyp	1.0
tall	1.0
filter	1.0
talig	1.0
talent	1.0
tale	1.0
finger	1.0
fingertip	1.0
finish	1.0
finit	1.0
fir	1.0
firebal	1.0
taker	1.0
tancredi	1.0
fighter	1.0
fight	1.0
tangent	1.0
fever	1.0
fewer	1.0
tangeshima	1.0
fft	1.0
fgs	1.0
fhst	1.0
fiasco	1.0
fifti	1.0
fiber	1.0
tandem	1.0
fiction	1.0
fictiti	1.0
fidonet	1.0
field	1.0
firstep	1.0
firstest	1.0
firt	1.0
tabular	1.0
fleet	1.0
fleetway	1.0
flesh	1.0
tac	1.0
flex	1.0
flexibl	1.0
table	1.0
flaw	1.0
flink	1.0
flip	1.0
tabl	1.0
systemen	1.0
flourish	1.0
systemat	1.0
fledgl	1.0
flavor	1.0
takeoff	1.0
flake	1.0
takab	1.0
taiyuan	1.0
fixtur	1.0
fizzi	1.0
taiwam	1.0
flagstaff	1.0
flam	1.0
flatter	1.0
flame	1.0
flamer	1.0
flandern	1.0
flare	1.0
taipei	1.0
tail	1.0
exact	1.0
ex	1.0
evri	1.0
tim	1.0
egret	1.0
egypt	1.0
egyptian	1.0
eighti	1.0
eindprodukten	1.0
ticket	1.0
einen	1.0
einstien	1.0
ejasa	1.0
eject	1.0
ela	1.0
elabor	1.0
elaps	1.0
elbow	1.0
elect	1.0
tid	1.0
egrep	1.0
egg	1.0
tighten	1.0
tilt	1.0
editori	1.0
edn	1.0
edo	1.0
edt	1.0
tijd	1.0
tight	1.0
egad	1.0
tiggertoo	1.0
eeuwen	1.0
efect	1.0
tie	1.0
effectiven	1.0
tidbit	1.0
tiawanese	1.0
ti	1.0
electrodynam	1.0
embassi	1.0
thumb	1.0
em	1.0
emac	1.0
throw	1.0
embarass	1.0
embarrass	1.0
embed	1.0
elsif	1.0
embri	1.0
emcon	1.0
emerg	1.0
emeritus	1.0
emin	1.0
emiss	1.0
elucid	1.0
ellipt	1.0
thursday	1.0
elementari	1.0
thunderbirds	1.0
electrostat	1.0
electrostatic	1.0
eleg	1.0
elegant	1.0
thunderbird	1.0
eleph	1.0
ellipsoid	1.0
elev	1.0
elimin	1.0
elipt	1.0
elitist	1.0
elk	1.0
elkaar	1.0
edition	1.0
edinburgh	1.0
evolv	1.0
edg	1.0
dseg	1.0
toler	1.0
tokyo	1.0
dspse	1.0
toilet	1.0
dual	1.0
dub	1.0
toffe	1.0
dug	1.0
dumb	1.0
dump	1.0
duplic	1.0
toegestuurd	1.0
toa	1.0
tlas	1.0
dscs	1.0
drys	1.0
dry	1.0
drift	1.0
drawn	1.0
tong	1.0
dredd	1.0
drek	1.0
drexler	1.0
tomorrow	1.0
drink	1.0
drunken	1.0
tomayko	1.0
tom	1.0
driver	1.0
tololo	1.0
drought	1.0
drs	1.0
dwarf	1.0
dwelt	1.0
tla	1.0
tip	1.0
tireless	1.0
eccentr	1.0
ecf	1.0
tire	1.0
echter	1.0
eci	1.0
timet	1.0
eberhart	1.0
timescal	1.0
ecolog	1.0
times	1.0
ecstat	1.0
timeli	1.0
edc	1.0
ec	1.0
eau	1.0
dynamit	1.0
titl	1.0
eafb	1.0
ear	1.0
earch	1.0
eardrum	1.0
earliest	1.0
earn	1.0
eas	1.0
eaten	1.0
titius	1.0
easier	1.0
easiest	1.0
titania	1.0
eastern	1.0
eastward	1.0
emit	1.0
throttl	1.0
emphat	1.0
empir	1.0
erschreck	1.0
erudit	1.0
erupt	1.0
ervan	1.0
ther	1.0
esapubl	1.0
escal	1.0
escap	1.0
eseci	1.0
theorist	1.0
esoter	1.0
esp	1.0
espacial	1.0
esprit	1.0
esrin	1.0
thermodynamics	1.0
errant	1.0
errad	1.0
er	1.0
theyar	1.0
thesi	1.0
equatori	1.0
equilibrium	1.0
equinox	1.0
thermonuclear	1.0
erect	1.0
erot	1.0
eredoctoraat	1.0
thermoelectr	1.0
ergo	1.0
erklaert	1.0
erod	1.0
eros	1.0
essay	1.0
theme	1.0
est	1.0
everbodi	1.0
tethi	1.0
evacu	1.0
tertiari	1.0
evapor	1.0
event	1.0
terror	1.0
everytim	1.0
eutelsat	1.0
territori	1.0
evil	1.0
evolut	1.0
terribl	1.0
evolutionair	1.0
evolutionari	1.0
tex	1.0
eustachian	1.0
thema	1.0
etr	1.0
etch	1.0
etern	1.0
ethic	1.0
ethiopia	1.0
ethnocentr	1.0
etla	1.0
etud	1.0
eurpoean	1.0
euclidean	1.0
eurocard	1.0
theater	1.0
textbook	1.0
europeenn	1.0
eurostep	1.0
thicken	1.0
epoch	1.0
episod	1.0
engag	1.0
endors	1.0
endur	1.0
energet	1.0
thou	1.0
energy	1.0
enfant	1.0
thorough	1.0
thousandth	1.0
english	1.0
enhanc	1.0
enjoy	1.0
enlighten	1.0
enorm	1.0
enormous	1.0
endevour	1.0
threat	1.0
enrich	1.0
enchilada	1.0
employ	1.0
throtl	1.0
empti	1.0
emu	1.0
enabl	1.0
enceladus	1.0
enclos	1.0
threefold	1.0
enclosur	1.0
thrive	1.0
encompass	1.0
threw	1.0
encyclopaedia	1.0
encycloped	1.0
enquir	1.0
thorn	1.0
epicycl	1.0
eo	1.0
enviro	1.0
thinner	1.0
environet	1.0
thifrom	1.0
environmentalist	1.0
envorin	1.0
eosdi	1.0
thip	1.0
epa	1.0
epd	1.0
ephem	1.0
ephemer	1.0
ephemerid	1.0
thicker	1.0
entrust	1.0
entreprenuri	1.0
ensu	1.0
enthusiasm	1.0
ensur	1.0
entail	1.0
thoma	1.0
tho	1.0
entertain	1.0
enthus	1.0
enthusiast	1.0
entrepreneur	1.0
entic	1.0
thirti	1.0
entitl	1.0
entranc	1.0
entrant	1.0
entrench	1.0
understood	1.0
communist	1.0
underway	1.0
astrogeologist	1.0
weater	1.0
assimil	1.0
weari	1.0
assoc	1.0
weapn	1.0
assumpt	1.0
assur	1.0
wealthi	1.0
wealth	1.0
asteroids	1.0
weak	1.0
astounding	1.0
astra	1.0
waves	1.0
astrodynam	1.0
weatherphoto	1.0
wednesday	1.0
assert	1.0
asia	1.0
asces	1.0
ascial	1.0
ascii	1.0
weikart	1.0
ash	1.0
asi	1.0
weightless	1.0
assent	1.0
asleep	1.0
aslv	1.0
aspect	1.0
asrm	1.0
ass	1.0
wedo	1.0
astrodynamics	1.0
astrolog	1.0
ascens	1.0
astron	1.0
ato	1.0
wash	1.0
atop	1.0
atract	1.0
atrophi	1.0
att	1.0
attach	1.0
warrior	1.0
attain	1.0
warrent	1.0
warp	1.0
attic	1.0
warm	1.0
attn	1.0
attract	1.0
washer	1.0
wasp	1.0
atm	1.0
asuka	1.0
wavelength	1.0
waterwood	1.0
astronomisch	1.0
astronoom	1.0
water	1.0
waste	1.0
asymmetr	1.0
atlas	1.0
atari	1.0
atbm	1.0
atdr	1.0
ate	1.0
atf	1.0
atividad	1.0
weird	1.0
ascend	1.0
aplac	1.0
aquacad	1.0
whirlwind	1.0
applyi	1.0
whip	1.0
appoxim	1.0
apprach	1.0
appreci	1.0
whine	1.0
appropri	1.0
whi	1.0
whew	1.0
wheel	1.0
wheat	1.0
aproach	1.0
apt	1.0
apu	1.0
whooooooooshhhhhh	1.0
applelink	1.0
applaud	1.0
apotheosi	1.0
apoapsi	1.0
apocalypt	1.0
apocentr	1.0
wien	1.0
widget	1.0
apolog	1.0
appalachian	1.0
appendix	1.0
appalacian	1.0
appeal	1.0
wider	1.0
append	1.0
appendic	1.0
appendici	1.0
aqua	1.0
aquanaut	1.0
asc	1.0
aquat	1.0
westford	1.0
arm	1.0
wesleyan	1.0
armor	1.0
arpa	1.0
werkelijk	1.0
werhner	1.0
werewolfs	1.0
wereld	1.0
ars	1.0
artic	1.0
welkom	1.0
welfar	1.0
artilleri	1.0
aruga	1.0
wethat	1.0
argentinan	1.0
wfpcii	1.0
arch	1.0
arabia	1.0
whatsoev	1.0
arbitrarili	1.0
whatabout	1.0
arbor	1.0
whale	1.0
archaeolog	1.0
ardc	1.0
architect	1.0
architectur	1.0
wgms	1.0
archive	1.0
arcjet	1.0
arctic	1.0
attribut	1.0
audienc	1.0
warhead	1.0
beg	1.0
volunt	1.0
bbss	1.0
bbxrt	1.0
volumin	1.0
voltag	1.0
bear	1.0
beast	1.0
beat	1.0
vologradsij	1.0
becuas	1.0
bed	1.0
bedrag	1.0
bedrock	1.0
beef	1.0
beeld	1.0
bbc	1.0
baykonur	1.0
voordrachten	1.0
bascial	1.0
barium	1.0
bark	1.0
voxland	1.0
barrier	1.0
barstow	1.0
voter	1.0
vortex	1.0
voorhoed	1.0
basepl	1.0
vor	1.0
bask	1.0
bastard	1.0
bathroom	1.0
batka	1.0
volcan	1.0
volatil	1.0
audiovisualiseren	1.0
voir	1.0
vlt	1.0
vlf	1.0
vleck	1.0
benoemd	1.0
benz	1.0
bere	1.0
berth	1.0
bespreken	1.0
vlbi	1.0
beta	1.0
bett	1.0
bettadpur	1.0
better	1.0
vlba	1.0
bialla	1.0
beneath	1.0
vms	1.0
bem	1.0
beknopt	1.0
voila	1.0
behalf	1.0
behav	1.0
void	1.0
behaviour	1.0
bei	1.0
belangstellenden	1.0
beluisteren	1.0
beleivin	1.0
belief	1.0
believ	1.0
beliv	1.0
belong	1.0
voerden	1.0
barbarian	1.0
bar	1.0
vpf	1.0
banner	1.0
autopilot	1.0
auxiliari	1.0
avail	1.0
avat	1.0
walk	1.0
wal	1.0
averga	1.0
avg	1.0
wait	1.0
avid	1.0
avion	1.0
avleak	1.0
waisetd	1.0
avro	1.0
avweek	1.0
autonom	1.0
automat	1.0
wannab	1.0
auspic	1.0
auditorium	1.0
aug	1.0
augment	1.0
auror	1.0
aurora	1.0
ausman	1.0
australia	1.0
autocorrel	1.0
warfar	1.0
austrian	1.0
war	1.0
authorit	1.0
auto	1.0
autobiographi	1.0
aw	1.0
await	1.0
awar	1.0
vulcan	1.0
vuurtoren	1.0
bail	1.0
bake	1.0
vulner	1.0
ball	1.0
ballanc	1.0
vtol	1.0
baggi	1.0
vsat	1.0
vril	1.0
ban	1.0
vragen	1.0
bandwidth	1.0
banish	1.0
baikonour	1.0
vuw	1.0
award	1.0
babe	1.0
awesom	1.0
waarnemingsperiod	1.0
axe	1.0
axial	1.0
waarna	1.0
babbl	1.0
bachelor	1.0
baffler	1.0
waaaay	1.0
backscatt	1.0
backup	1.0
backward	1.0
bacteria	1.0
bad	1.0
apm	1.0
wierd	1.0
confound	1.0
af	1.0
advisor	1.0
xsat	1.0
advoc	1.0
advocaci	1.0
xrx	1.0
aeroastro	1.0
xpresso	1.0
aerobrak	1.0
aerodynam	1.0
aerodynamicist	1.0
xmm	1.0
xii	1.0
aeronautica	1.0
xichang	1.0
xi	1.0
advis	1.0
advic	1.0
advert	1.0
xssr	1.0
adeo	1.0
adequ	1.0
xuv	1.0
xussr	1.0
administr	1.0
admiss	1.0
adopt	1.0
adversari	1.0
adrift	1.0
ads	1.0
adult	1.0
xsl	1.0
xsky	1.0
advers	1.0
aert	1.0
afal	1.0
addario	1.0
wwivnet	1.0
afterthought	1.0
afterward	1.0
wtr	1.0
agena	1.0
wsmr	1.0
agencies	1.0
agent	1.0
agenzia	1.0
wrung	1.0
aggress	1.0
agian	1.0
agl	1.0
agn	1.0
wrt	1.0
agreement	1.0
wuarchiv	1.0
afterlif	1.0
afsluit	1.0
afield	1.0
affair	1.0
wwiv	1.0
affirm	1.0
afflict	1.0
afgedrukt	1.0
afgestemd	1.0
afit	1.0
wupp	1.0
afloop	1.0
afoot	1.0
afprl	1.0
afraid	1.0
africa	1.0
wwi	1.0
yal	1.0
adc	1.0
apiec	1.0
accompli	1.0
absorbt	1.0
absorpt	1.0
absurd	1.0
abund	1.0
abus	1.0
abutaha	1.0
abyss	1.0
zoolog	1.0
zip	1.0
zeta	1.0
zero	1.0
zenit	1.0
accid	1.0
zealand	1.0
accommod	1.0
absorb	1.0
absolut	1.0
abrupt	1.0
aavso	1.0
zwakk	1.0
aangegeven	1.0
aantal	1.0
aao	1.0
aarseth	1.0
aas	1.0
ab	1.0
zulu	1.0
abandon	1.0
abbrevi	1.0
abian	1.0
zwak	1.0
zwaartepunten	1.0
zurbrin	1.0
accompani	1.0
zaken	1.0
yeasteryear	1.0
accord	1.0
youngster	1.0
yoshiro	1.0
yorba	1.0
acrylonitril	1.0
yield	1.0
actinid	1.0
yesterday	1.0
yer	1.0
yeltsin	1.0
activiteiten	1.0
actor	1.0
yellow	1.0
actuat	1.0
yell	1.0
acut	1.0
acril	1.0
acquir	1.0
acquaint	1.0
yup	1.0
account	1.0
yur	1.0
accret	1.0
accreti	1.0
yuppi	1.0
accumul	1.0
accuraci	1.0
acord	1.0
ytou	1.0
ace	1.0
yso	1.0
acid	1.0
yoyodyn	1.0
youth	1.0
agress	1.0
agricultur	1.0
agu	1.0
annihili	1.0
wise	1.0
ancient	1.0
ander	1.0
anderman	1.0
anderson	1.0
andromeda	1.0
andsom	1.0
wipe	1.0
winners	1.0
anglo	1.0
angst	1.0
angstrom	1.0
angular	1.0
wink	1.0
wingtip	1.0
anchor	1.0
ancestri	1.0
ancestor	1.0
withdrawn	1.0
amngst	1.0
amoco	1.0
ampl	1.0
wiyn	1.0
withstood	1.0
amroc	1.0
amus	1.0
wiser	1.0
amusing	1.0
amutur	1.0
wit	1.0
analys	1.0
wish	1.0
analyst	1.0
winglet	1.0
anniversari	1.0
ahx	1.0
wingless	1.0
anticip	1.0
williamsport	1.0
willamett	1.0
antiqu	1.0
antisatellit	1.0
anymor	1.0
aoa	1.0
aoc	1.0
aout	1.0
ap	1.0
apach	1.0
apc	1.0
wilder	1.0
aphelion	1.0
api	1.0
anthropolog	1.0
antholog	1.0
wind	1.0
anomal	1.0
announce	1.0
annoy	1.0
wing	1.0
annuli	1.0
annulus	1.0
anodis	1.0
anomali	1.0
antarctica	1.0
anon	1.0
windshear	1.0
anser	1.0
ansi	1.0
windscreen	1.0
antarct	1.0
ammunit	1.0
ammonium	1.0
ammo	1.0
ammend	1.0
akerman	1.0
aktueel	1.0
al	1.0
alabama	1.0
alamo	1.0
workahol	1.0
workabl	1.0
album	1.0
algonquin	1.0
words	1.0
alien	1.0
align	1.0
woomera	1.0
alleghany	1.0
allegor	1.0
aka	1.0
worm	1.0
airship	1.0
wright	1.0
writer	1.0
wrist	1.0
ailab	1.0
aim	1.0
aint	1.0
aip	1.0
wound	1.0
worst	1.0
airfix	1.0
wouldpledg	1.0
worthwhil	1.0
airlock	1.0
worthless	1.0
airmass	1.0
allegory	1.0
wonderful	1.0
alli	1.0
ambiti	1.0
alveolus	1.0
woith	1.0
alyeska	1.0
wobbl	1.0
amatu	1.0
amaz	1.0
amd	1.0
wollman	1.0
amend	1.0
america	1.0
wnet	1.0
wizard	1.0
amherst	1.0
amiga	1.0
alveoli	1.0
alumin	1.0
alloc	1.0
als	1.0
alluvium	1.0
won	1.0
alot	1.0
aloud	1.0
alphabet	1.0
alpo	1.0
alta	1.0
altogeth	1.0
altar	1.0
alter	1.0
altern	1.0
altimet	1.0
woman	1.0
altnet	1.0
vla	1.0
vitamin	1.0
bibliograph	1.0
usb	1.0
cit	1.0
cite	1.0
usian	1.0
usernam	1.0
citizenship	1.0
civil	1.0
useless	1.0
use	1.0
claremont	1.0
clarifi	1.0
usda	1.0
classic	1.0
classif	1.0
classifi	1.0
classroom	1.0
cirri	1.0
circumstellar	1.0
circumlunar	1.0
chuckl	1.0
choos	1.0
chop	1.0
chord	1.0
chosen	1.0
christiaan	1.0
chryse	1.0
chunk	1.0
circumfer	1.0
churn	1.0
cigar	1.0
circa	1.0
usmp	1.0
circuit	1.0
circul	1.0
usc	1.0
cleaner	1.0
choke	1.0
cleanli	1.0
club	1.0
upto	1.0
upset	1.0
clumsi	1.0
cluster	1.0
clutch	1.0
clutter	1.0
cmcc	1.0
cmd	1.0
cmu	1.0
uppsala	1.0
cnes	1.0
upa	1.0
cno	1.0
cnsr	1.0
clout	1.0
cloudi	1.0
cloud	1.0
climat	1.0
usag	1.0
clearanc	1.0
clearinghous	1.0
clemenc	1.0
clich	1.0
click	1.0
clinic	1.0
closeup	1.0
clip	1.0
urepli	1.0
clock	1.0
uranian	1.0
closer	1.0
closest	1.0
chome	1.0
choic	1.0
visitor	1.0
utzoo	1.0
cfc	1.0
cff	1.0
cfht	1.0
uuencod	1.0
cgs	1.0
chabrow	1.0
chain	1.0
chair	1.0
chairman	1.0
chalet	1.0
uudecod	1.0
uucp	1.0
champer	1.0
champion	1.0
uu	1.0
cfa	1.0
ceti	1.0
cetera	1.0
uur	1.0
centerpiec	1.0
centigrad	1.0
centr	1.0
va	1.0
uv	1.0
cents	1.0
ceo	1.0
cesium	1.0
ceram	1.0
cern	1.0
cerro	1.0
certian	1.0
uunet	1.0
certifi	1.0
chancellor	1.0
utopia	1.0
chock	1.0
chanut	1.0
cheesi	1.0
cheeto	1.0
cheif	1.0
ussr	1.0
chemistri	1.0
chemistry	1.0
chesapeak	1.0
ussf	1.0
chewi	1.0
chicago	1.0
chicken	1.0
childish	1.0
chill	1.0
chimpanze	1.0
chlorofluorocarbon	1.0
chees	1.0
cheer	1.0
checks	1.0
characterist	1.0
utmost	1.0
chaotic	1.0
utilis	1.0
chara	1.0
util	1.0
character	1.0
utexas	1.0
checkout	1.0
charismat	1.0
cheap	1.0
cheapest	1.0
cheapli	1.0
usual	1.0
checker	1.0
coal	1.0
unvari	1.0
coast	1.0
compuserv	1.0
university	1.0
universiteitssterrenwacht	1.0
complac	1.0
univelt	1.0
uniti	1.0
compli	1.0
complic	1.0
compoment	1.0
compos	1.0
uninvolv	1.0
compound	1.0
uninhabit	1.0
unimpress	1.0
compris	1.0
compromis	1.0
unives	1.0
competetors	1.0
competet	1.0
unknown	1.0
communic	1.0
fractal	1.0
unneccesari	1.0
commut	1.0
unlimit	1.0
unlik	1.0
comparis	1.0
compet	1.0
comparison	1.0
compart	1.0
compass	1.0
compat	1.0
compendium	1.0
compens	1.0
comptel	1.0
computer	1.0
coastal	1.0
comrad	1.0
conductor	1.0
conduit	1.0
cone	1.0
uneth	1.0
undoubt	1.0
confernc	1.0
confid	1.0
confidenti	1.0
undocu	1.0
configuration	1.0
undesir	1.0
underwrit	1.0
conflict	1.0
conform	1.0
conformist	1.0
unexpect	1.0
condition	1.0
unfavor	1.0
conceptu	1.0
uniek	1.0
concav	1.0
conced	1.0
conceiv	1.0
unidentifi	1.0
unglueck	1.0
concern	1.0
condens	1.0
concert	1.0
conces	1.0
concess	1.0
concis	1.0
unfold	1.0
concurr	1.0
commonwealth	1.0
common	1.0
unnecessari	1.0
committ	1.0
cola	1.0
colaps	1.0
coldest	1.0
coliseum	1.0
collabor	1.0
collaps	1.0
colleagu	1.0
unus	1.0
collector	1.0
collectors	1.0
untend	1.0
college	1.0
unsymmetr	1.0
collis	1.0
colloquia	1.0
col	1.0
coke	1.0
coincident	1.0
cockroach	1.0
coastlin	1.0
coat	1.0
coauthor	1.0
cobe	1.0
cobra	1.0
cockpit	1.0
coem	1.0
coincid	1.0
coffe	1.0
coffer	1.0
cogent	1.0
coher	1.0
coil	1.0
coilgun	1.0
colloquium	1.0
colo	1.0
colon	1.0
unpressur	1.0
comfort	1.0
comic	1.0
comison	1.0
comm	1.0
unprotect	1.0
unprofit	1.0
unpreced	1.0
unrecogn	1.0
unorthodox	1.0
unoffici	1.0
commeric	1.0
commerici	1.0
commiss	1.0
unobserv	1.0
unpublish	1.0
comerci	1.0
colonel	1.0
columbia	1.0
unsulli	1.0
colonis	1.0
unsuccess	1.0
color	1.0
unstow	1.0
unstabl	1.0
unspoil	1.0
unseen	1.0
com	1.0
coma	1.0
comb	1.0
unsolicit	1.0
unser	1.0
combust	1.0
vab	1.0
centenni	1.0
centauri	1.0
vetic	1.0
border	1.0
bore	1.0
boreal	1.0
borrel	1.0
viabl	1.0
boston	1.0
botch	1.0
bothel	1.0
vhs	1.0
bottl	1.0
boulder	1.0
boulevard	1.0
bounc	1.0
boundari	1.0
bout	1.0
vicin	1.0
victim	1.0
boondoggl	1.0
bolztmann	1.0
boil	1.0
boiler	1.0
bolivarian	1.0
bolo	1.0
bolt	1.0
viewer	1.0
vieren	1.0
boom	1.0
bombard	1.0
bond	1.0
bongo	1.0
videoconferenc	1.0
video	1.0
bookstor	1.0
bowel	1.0
vestig	1.0
broadest	1.0
bozo	1.0
bretagnon	1.0
verticl	1.0
brezhnev	1.0
versus	1.0
briefli	1.0
briefly	1.0
bright	1.0
brightest	1.0
brij	1.0
verschuldigd	1.0
britain	1.0
versatil	1.0
brittanica	1.0
broach	1.0
broad	1.0
breeder	1.0
vertigo	1.0
breather	1.0
brazil	1.0
bps	1.0
brace	1.0
brader	1.0
braid	1.0
brain	1.0
brake	1.0
brazilian	1.0
vervalt	1.0
bread	1.0
break	1.0
breakfast	1.0
vessel	1.0
breakup	1.0
breast	1.0
viewpoint	1.0
body	1.0
vigil	1.0
bodenteich	1.0
bio	1.0
biodegrad	1.0
biographi	1.0
vip	1.0
biopsi	1.0
biotechnolog	1.0
birdshot	1.0
violent	1.0
birth	1.0
violenc	1.0
vintag	1.0
bitch	1.0
bite	1.0
vindt	1.0
bitter	1.0
binocular	1.0
binnenkomend	1.0
bingo	1.0
billabl	1.0
bidder	1.0
bide	1.0
biennial	1.0
biggest	1.0
bilg	1.0
visible	1.0
billin	1.0
bind	1.0
viscos	1.0
billionair	1.0
bima	1.0
viscious	1.0
bin	1.0
virtu	1.0
bitti	1.0
biv	1.0
viloat	1.0
blurri	1.0
bloodi	1.0
blossom	1.0
blow	1.0
villag	1.0
blueprint	1.0
blurb	1.0
blvd	1.0
block	1.0
bmc	1.0
bnsc	1.0
vilest	1.0
boast	1.0
bob	1.0
bode	1.0
blood	1.0
bloat	1.0
bizarr	1.0
blatent	1.0
bizzar	1.0
black	1.0
blackout	1.0
blame	1.0
blanket	1.0
blare	1.0
blaze	1.0
bliss	1.0
bldg	1.0
blend	1.0
blender	1.0
blew	1.0
villan	1.0
blip	1.0
versa	1.0
broadway	1.0
vac	1.0
cassegrain	1.0
capitalist	1.0
variat	1.0
capricornus	1.0
varianc	1.0
captain	1.0
vari	1.0
car	1.0
vapour	1.0
career	1.0
cargo	1.0
vapor	1.0
carrier	1.0
carrot	1.0
cartog	1.0
cartographi	1.0
capit	1.0
vast	1.0
vater	1.0
vax	1.0
campaign	1.0
vechicl	1.0
canada	1.0
canadarm	1.0
canadian	1.0
cancel	1.0
candl	1.0
capabilitia	1.0
canon	1.0
canopi	1.0
canopus	1.0
canteloup	1.0
canyon	1.0
cap	1.0
vaniman	1.0
vanguard	1.0
brochur	1.0
castor	1.0
valley	1.0
ccds	1.0
vain	1.0
cdplist	1.0
cdrom	1.0
cdti	1.0
cdusnr	1.0
vagu	1.0
cedex	1.0
vagari	1.0
celbb	1.0
celebr	1.0
vafb	1.0
vacat	1.0
cellsat	1.0
ccaf	1.0
cc	1.0
valt	1.0
categor	1.0
cataclysm	1.0
vangen	1.0
vandeberg	1.0
catalyst	1.0
catastroph	1.0
catch	1.0
cathol	1.0
caviti	1.0
caught	1.0
vanallen	1.0
cautionari	1.0
cautious	1.0
caveat	1.0
cavern	1.0
camp	1.0
camino	1.0
vector	1.0
cameo	1.0
builder	1.0
buildup	1.0
verklaren	1.0
bulg	1.0
bulk	1.0
veri	1.0
bun	1.0
bunch	1.0
verenigd	1.0
bunker	1.0
buran	1.0
bureaucraci	1.0
bureaucrat	1.0
burecrat	1.0
buri	1.0
vernadski	1.0
bugaboo	1.0
veron	1.0
brute	1.0
broken	1.0
bronz	1.0
brookpark	1.0
brought	1.0
brows	1.0
bruis	1.0
bsc	1.0
buennek	1.0
btw	1.0
bubbl	1.0
buck	1.0
bud	1.0
vers	1.0
budweis	1.0
burlak	1.0
verbunt	1.0
burner	1.0
vehilc	1.0
cal	1.0
calar	1.0
calc	1.0
calcium	1.0
veikko	1.0
calculat	1.0
calgari	1.0
cain	1.0
vegr	1.0
veertien	1.0
veega	1.0
vectorspac	1.0
callisto	1.0
caltech	1.0
cajun	1.0
vein	1.0
burnt	1.0
butter	1.0
verbos	1.0
verbind	1.0
verbatim	1.0
buse	1.0
veracht	1.0
vent	1.0
buttigieg	1.0
cabl	1.0
vendor	1.0
bwr	1.0
byte	1.0
ca	1.0
vel	1.0
cabinet	1.0
foyer	1.0
supplier	1.0
fraction	1.0
script	1.0
nois	1.0
noisi	1.0
nome	1.0
sct	1.0
scrub	1.0
nonfict	1.0
nonscienc	1.0
nonsens	1.0
nontechn	1.0
nonterrestri	1.0
noodl	1.0
noonday	1.0
noontim	1.0
nope	1.0
norad	1.0
scuba	1.0
node	1.0
nocturn	1.0
nj	1.0
niner	1.0
nir	1.0
sea	1.0
nitric	1.0
sculptur	1.0
niveau	1.0
nl	1.0
nobuaki	1.0
nldp	1.0
nls	1.0
nmsca	1.0
nnv	1.0
noaa	1.0
sculpt	1.0
nordley	1.0
northcliff	1.0
nim	1.0
norway	1.0
scratch	1.0
nrao	1.0
nrc	1.0
nren	1.0
scramjet	1.0
nsa	1.0
nsc	1.0
nsf	1.0
scorn	1.0
nso	1.0
nspot	1.0
nss	1.0
scoriat	1.0
nssdca	1.0
nsw	1.0
nozzl	1.0
novic	1.0
screen	1.0
notam	1.0
norwegian	1.0
nosecon	1.0
noser	1.0
nostalg	1.0
nostalgia	1.0
notabl	1.0
scri	1.0
notori	1.0
notebook	1.0
noteworthi	1.0
noth	1.0
nother	1.0
notic	1.0
notion	1.0
nimbus	1.0
nightmar	1.0
nth	1.0
netland	1.0
neat	1.0
nebraska	1.0
nebula	1.0
necessarili	1.0
nectar	1.0
seen	1.0
needl	1.0
needless	1.0
seek	1.0
neglect	1.0
neglig	1.0
seeabl	1.0
neie	1.0
neigborhood	1.0
secur	1.0
nearsid	1.0
nearest	1.0
nearer	1.0
navi	1.0
nato	1.0
semest	1.0
sematech	1.0
nautic	1.0
nav	1.0
sell	1.0
naviagt	1.0
segment	1.0
seisomet	1.0
navstar	1.0
nbc	1.0
seinem	1.0
ndv	1.0
ne	1.0
nerva	1.0
netmail	1.0
seafloor	1.0
secotro	1.0
newsrder	1.0
newsread	1.0
newsweek	1.0
newtonian	1.0
newus	1.0
ngc	1.0
nic	1.0
nice	1.0
seaman	1.0
nicmo	1.0
niedlichen	1.0
niet	1.0
nifti	1.0
seal	1.0
nightim	1.0
newspap	1.0
season	1.0
seat	1.0
newbi	1.0
secondarili	1.0
neustaedt	1.0
neutral	1.0
neutrino	1.0
secondari	1.0
nevi	1.0
newcomb	1.0
newsgroup	1.0
newer	1.0
seattle	1.0
newington	1.0
newli	1.0
seattl	1.0
newsfe	1.0
nt	1.0
score	1.0
safekeep	1.0
ore	1.0
satelli	1.0
satel	1.0
satcom	1.0
opricht	1.0
opt	1.0
optics	1.0
sastellit	1.0
optimist	1.0
optimum	1.0
opvolg	1.0
opvolgend	1.0
orbcomm	1.0
orbiter	1.0
ordahl	1.0
sarcast	1.0
opium	1.0
satellites	1.0
opgevangen	1.0
ontstond	1.0
saucer	1.0
onc	1.0
onderwerpen	1.0
sauc	1.0
saturday	1.0
sattellit	1.0
ontvangst	1.0
opgebouwd	1.0
ook	1.0
oop	1.0
sattelit	1.0
satisfi	1.0
satisfactori	1.0
opf	1.0
ordinari	1.0
orfeus	1.0
omni	1.0
org	1.0
osteoporosi	1.0
ota	1.0
otc	1.0
othb	1.0
salari	1.0
ounc	1.0
outcom	1.0
outdat	1.0
outdoor	1.0
saic	1.0
outfit	1.0
outgass	1.0
outgrowth	1.0
sagdeev	1.0
outliv	1.0
ostens	1.0
ossa	1.0
oss	1.0
orific	1.0
sandwich	1.0
sandbag	1.0
organiz	1.0
orgs	1.0
oribit	1.0
sanction	1.0
samsung	1.0
oscul	1.0
orion	1.0
sampex	1.0
orteig	1.0
samenstel	1.0
oscar	1.0
oscil	1.0
omv	1.0
omit	1.0
ntr	1.0
obvious	1.0
oao	1.0
scholarship	1.0
obes	1.0
obey	1.0
obituari	1.0
schleck	1.0
schirra	1.0
obligatori	1.0
scherp	1.0
scharzschild	1.0
obsevatori	1.0
obsolet	1.0
obspac	1.0
obstacl	1.0
obstruct	1.0
nz	1.0
nyon	1.0
ny	1.0
science	1.0
scope	1.0
ntt	1.0
scoop	1.0
scintil	1.0
nuetron	1.0
nuke	1.0
schwarzschild	1.0
nw	1.0
nurrungar	1.0
nurs	1.0
scholieren	1.0
nut	1.0
nutri	1.0
nuts	1.0
scepticus	1.0
occas	1.0
saudia	1.0
occasion	1.0
offpoint	1.0
scanner	1.0
ofor	1.0
ohhh	1.0
ohio	1.0
sca	1.0
ointment	1.0
ok	1.0
old	1.0
oldest	1.0
saver	1.0
olymp	1.0
save	1.0
omb	1.0
omelet	1.0
offlin	1.0
scare	1.0
scari	1.0
octav	1.0
occult	1.0
occup	1.0
scenic	1.0
oceanographi	1.0
ocst	1.0
oct	1.0
scene	1.0
offhand	1.0
octopus	1.0
scenario	1.0
odditi	1.0
odyssey	1.0
oervad	1.0
scatter	1.0
semi	1.0
nationwid	1.0
nationalist	1.0
mighti	1.0
microsatellit	1.0
microsec	1.0
microsoft	1.0
microsymposium	1.0
microthrust	1.0
shortwav	1.0
shortag	1.0
middel	1.0
short	1.0
middletown	1.0
midget	1.0
midlif	1.0
midnight	1.0
midwest	1.0
shop	1.0
microphon	1.0
micrometeor	1.0
microlight	1.0
michigan	1.0
metric	1.0
mexico	1.0
shout	1.0
mgz	1.0
shoulf	1.0
mhz	1.0
shot	1.0
microgravity	1.0
micro	1.0
microcomput	1.0
microelectron	1.0
microfich	1.0
microfilm	1.0
shortwave	1.0
mig	1.0
migoyan	1.0
methodolog	1.0
mil	1.0
shifter	1.0
minneapoli	1.0
minnesota	1.0
minumum	1.0
minuteman	1.0
mippsel	1.0
mir	1.0
sheraton	1.0
mirror	1.0
shelter	1.0
miscellan	1.0
miscommun	1.0
misconcept	1.0
miseri	1.0
misfortune	1.0
miniscul	1.0
minimum	1.0
shipment	1.0
millionaire	1.0
mild	1.0
mileston	1.0
shoot	1.0
miljoen	1.0
milki	1.0
shoe	1.0
millisecond	1.0
minign	1.0
mima	1.0
minato	1.0
shockwav	1.0
miners	1.0
mini	1.0
shit	1.0
metr	1.0
shove	1.0
semimajor	1.0
sideway	1.0
mcelwain	1.0
mcelwaine	1.0
mcelwan	1.0
mcruer	1.0
mdssc	1.0
mea	1.0
mealticket	1.0
sight	1.0
meaningless	1.0
sig	1.0
meantim	1.0
meantion	1.0
sif	1.0
sieg	1.0
mechnaic	1.0
mcdonel	1.0
mcdonald	1.0
mcconley	1.0
matric	1.0
similiar	1.0
match	1.0
silver	1.0
sillier	1.0
silli	1.0
maths	1.0
matt	1.0
mccc	1.0
sigurdsson	1.0
mauto	1.0
mayan	1.0
mayer	1.0
mbb	1.0
mcc	1.0
meco	1.0
sick	1.0
methink	1.0
medical	1.0
shrink	1.0
merg	1.0
meridian	1.0
merit	1.0
meson	1.0
mesospher	1.0
shrimp	1.0
messi	1.0
shred	1.0
metast	1.0
meteor	1.0
meteorolog	1.0
meteorologist	1.0
showdown	1.0
shovel	1.0
merchant	1.0
merchandis	1.0
menu	1.0
mellon	1.0
sic	1.0
siberia	1.0
siam	1.0
megaton	1.0
megatonn	1.0
megawat	1.0
melt	1.0
shroud	1.0
shutdown	1.0
shuffl	1.0
shround	1.0
memoriam	1.0
menschen	1.0
ment	1.0
mismanag	1.0
misnom	1.0
mispronunci	1.0
murder	1.0
muc	1.0
mud	1.0
mug	1.0
seopar	1.0
sentri	1.0
multicolor	1.0
sentiment	1.0
multipli	1.0
multipoint	1.0
multiyear	1.0
mum	1.0
mumbl	1.0
munch	1.0
munchen	1.0
mundan	1.0
mtpe	1.0
mtc	1.0
mst	1.0
serial	1.0
servant	1.0
mouth	1.0
movement	1.0
movment	1.0
mpc	1.0
sert	1.0
mrs	1.0
mss	1.0
mrsr	1.0
mrsrm	1.0
msb	1.0
msdos	1.0
msee	1.0
sept	1.0
sentenc	1.0
murmur	1.0
misrepres	1.0
muscl	1.0
nai	1.0
nail	1.0
naiv	1.0
nameless	1.0
namelijk	1.0
senior	1.0
narrat	1.0
narrow	1.0
narrowli	1.0
sender	1.0
nasm	1.0
seminar	1.0
nassau	1.0
nasti	1.0
natali	1.0
nahh	1.0
nacion	1.0
sensat	1.0
mutat	1.0
muse	1.0
sensit	1.0
music	1.0
musovit	1.0
musta	1.0
mutant	1.0
sensing	1.0
naar	1.0
mutual	1.0
mvt	1.0
mylar	1.0
myriad	1.0
sensibl	1.0
mythic	1.0
mountain	1.0
motv	1.0
servo	1.0
sest	1.0
sharewar	1.0
moc	1.0
mode	1.0
share	1.0
models	1.0
modem	1.0
shard	1.0
shar	1.0
modest	1.0
modif	1.0
shame	1.0
shambl	1.0
moeni	1.0
mogelijk	1.0
mogelijkheid	1.0
mnras	1.0
sharpli	1.0
mmu	1.0
misunderstand	1.0
sheet	1.0
shed	1.0
mississippi	1.0
missl	1.0
mistak	1.0
mistaken	1.0
sheath	1.0
mmt	1.0
mitig	1.0
mitsubishi	1.0
mix	1.0
mixtur	1.0
mmh	1.0
mmi	1.0
moist	1.0
mol	1.0
mola	1.0
moreley	1.0
moonbase	1.0
moonlight	1.0
moontool	1.0
moral	1.0
moratorium	1.0
moreequ	1.0
seventi	1.0
monument	1.0
mortal	1.0
mostest	1.0
mothership	1.0
settl	1.0
setback	1.0
motocycl	1.0
sever	1.0
monster	1.0
shake	1.0
momv	1.0
shag	1.0
molecular	1.0
molniya	1.0
molten	1.0
moment	1.0
shaft	1.0
shadow	1.0
sez	1.0
monit	1.0
sgt	1.0
monochromat	1.0
monolith	1.0
monomethyl	1.0
monopoli	1.0
sagadollar	1.0
outrag	1.0
fraer	1.0
products	1.0
privileg	1.0
priz	1.0
rennais	1.0
rengstorff	1.0
prob	1.0
probabl	1.0
probatoir	1.0
renegoti	1.0
reneg	1.0
render	1.0
renam	1.0
proclaim	1.0
remont	1.0
prodigi	1.0
remnant	1.0
priviledg	1.0
rent	1.0
pristin	1.0
replenish	1.0
reppert	1.0
pri	1.0
repositori	1.0
pricetag	1.0
pricey	1.0
priest	1.0
repeat	1.0
prison	1.0
primer	1.0
primit	1.0
repair	1.0
repackag	1.0
printout	1.0
reopen	1.0
reminic	1.0
profici	1.0
prevail	1.0
remeb	1.0
reli	1.0
propaganda	1.0
relearn	1.0
propheci	1.0
propog	1.0
rel	1.0
proport	1.0
reken	1.0
proposal	1.0
proposed	1.0
proposit	1.0
propposit	1.0
rejuven	1.0
prosaic	1.0
prospect	1.0
reliab	1.0
pronounc	1.0
reliablil	1.0
programmat	1.0
rember	1.0
profound	1.0
progam	1.0
remark	1.0
programm	1.0
programma	1.0
programmeert	1.0
relight	1.0
prograsm	1.0
remaind	1.0
prohibit	1.0
reluct	1.0
promenad	1.0
religion	1.0
prevent	1.0
reprint	1.0
protagonist	1.0
powerpl	1.0
rest	1.0
postag	1.0
postal	1.0
poster	1.0
posterior	1.0
responc	1.0
resort	1.0
potomac	1.0
pound	1.0
poundal	1.0
reson	1.0
pournell	1.0
pournellesqu	1.0
pow	1.0
powder	1.0
possible	1.0
restart	1.0
possess	1.0
port	1.0
poor	1.0
pop	1.0
poppies	1.0
resupli	1.0
pork	1.0
porkif	1.0
portabl	1.0
restaur	1.0
resume	1.0
resum	1.0
portug	1.0
portuges	1.0
restructur	1.0
posibl	1.0
resolv	1.0
pozo	1.0
presum	1.0
pp	1.0
reset	1.0
prefac	1.0
reserveren	1.0
prejudic	1.0
reschedul	1.0
prematur	1.0
prep	1.0
reradi	1.0
preprogram	1.0
reput	1.0
republican	1.0
republ	1.0
reprogram	1.0
press	1.0
reproduct	1.0
predicessor	1.0
predic	1.0
precusor	1.0
resign	1.0
ppb	1.0
ppm	1.0
pps	1.0
practici	1.0
practis	1.0
practition	1.0
residu	1.0
precursor	1.0
precaut	1.0
preced	1.0
preceed	1.0
resid	1.0
reshap	1.0
precondit	1.0
reiter	1.0
protectionism	1.0
outsid	1.0
rash	1.0
radiomet	1.0
radiopulsar	1.0
radiosigna	1.0
radiosterrenwacht	1.0
radiostr	1.0
radioteleskopen	1.0
rail	1.0
railgun	1.0
recoveri	1.0
recover	1.0
ralli	1.0
rambl	1.0
ramif	1.0
ramjet	1.0
reconsid	1.0
radioisotop	1.0
recruit	1.0
recurr	1.0
race	1.0
quicktrak	1.0
redston	1.0
quip	1.0
quit	1.0
redistribut	1.0
quotat	1.0
redirect	1.0
radic	1.0
racing	1.0
reddish	1.0
radial	1.0
radian	1.0
radianc	1.0
recycl	1.0
rare	1.0
rast	1.0
quick	1.0
rat	1.0
received	1.0
receipt	1.0
readi	1.0
readili	1.0
recant	1.0
reagon	1.0
reali	1.0
realist	1.0
realiz	1.0
realli	1.0
rebroadcast	1.0
realtiv	1.0
ream	1.0
rear	1.0
rebound	1.0
readabl	1.0
recept	1.0
recess	1.0
rci	1.0
reconfirm	1.0
recondit	1.0
rational	1.0
rattl	1.0
rave	1.0
recognit	1.0
rcirc	1.0
reciev	1.0
recogn	1.0
rdr	1.0
recipi	1.0
reachabl	1.0
reacquir	1.0
react	1.0
quickstart	1.0
questions	1.0
protectionist	1.0
punchi	1.0
regress	1.0
pst	1.0
psudo	1.0
psuedo	1.0
psychic	1.0
registri	1.0
pubinfo	1.0
regenc	1.0
puff	1.0
regard	1.0
pullinen	1.0
pullout	1.0
puls	1.0
regain	1.0
pulsen	1.0
psr	1.0
pslv	1.0
regroup	1.0
provis	1.0
protest	1.0
reimburs	1.0
reimanian	1.0
regulatori	1.0
proven	1.0
regular	1.0
provo	1.0
psf	1.0
prowess	1.0
proxima	1.0
prune	1.0
pryke	1.0
pseudo	1.0
pseudonym	1.0
pump	1.0
punchlin	1.0
reduc	1.0
punctur	1.0
qualif	1.0
reestablish	1.0
qualit	1.0
quantiti	1.0
reenter	1.0
quark	1.0
quarri	1.0
reeciev	1.0
quartz	1.0
redund	1.0
quasi	1.0
quaternion	1.0
qub	1.0
quebec	1.0
reduct	1.0
qso	1.0
refere	1.0
pws	1.0
purif	1.0
pundit	1.0
puni	1.0
punkt	1.0
puppet	1.0
purchas	1.0
refus	1.0
refurbish	1.0
refin	1.0
purs	1.0
refund	1.0
purturb	1.0
refug	1.0
pushrod	1.0
puzzl	1.0
pontif	1.0
poni	1.0
pomona	1.0
peak	1.0
rostamian	1.0
patrol	1.0
ross	1.0
paus	1.0
pave	1.0
pay	1.0
rosedal	1.0
paylaod	1.0
rope	1.0
payoff	1.0
root	1.0
pcs	1.0
pdr	1.0
pds	1.0
roomat	1.0
roster	1.0
patchwork	1.0
patch	1.0
pas	1.0
partial	1.0
rowlett	1.0
partisan	1.0
rout	1.0
partners	1.0
partnership	1.0
roundtrip	1.0
roterend	1.0
pass	1.0
rough	1.0
passion	1.0
passiv	1.0
passport	1.0
rouben	1.0
peac	1.0
peakup	1.0
parodi	1.0
peanut	1.0
people	1.0
pepsi	1.0
rollout	1.0
roll	1.0
percept	1.0
perchlor	1.0
role	1.0
perfor	1.0
rokhlin	1.0
periapsi	1.0
roentgen	1.0
pericynthion	1.0
perige	1.0
roell	1.0
rodent	1.0
peopel	1.0
peon	1.0
penzo	1.0
penal	1.0
pear	1.0
peculiar	1.0
pee	1.0
pegasus	1.0
peic	1.0
roof	1.0
rond	1.0
pentium	1.0
pencil	1.0
pendent	1.0
penetr	1.0
romanenkova	1.0
rom	1.0
pentagon	1.0
parti	1.0
park	1.0
polym	1.0
packet	1.0
overtook	1.0
sac	1.0
overweight	1.0
overwork	1.0
overzicht	1.0
saa	1.0
owner	1.0
rwing	1.0
rural	1.0
ruptur	1.0
runway	1.0
pa	1.0
runin	1.0
rumour	1.0
ruin	1.0
overstress	1.0
oversea	1.0
overse	1.0
overfli	1.0
outspoken	1.0
outstand	1.0
sad	1.0
outweigh	1.0
oven	1.0
overcom	1.0
sacrif	1.0
overs	1.0
overig	1.0
overlook	1.0
overpay	1.0
overreact	1.0
sacr	1.0
sackcloth	1.0
ruimt	1.0
pact	1.0
rpn	1.0
rudder	1.0
paperback	1.0
paperwork	1.0
parabol	1.0
paraboloid	1.0
rsn	1.0
parad	1.0
paradij	1.0
paradis	1.0
rrh	1.0
paramet	1.0
paraphras	1.0
parasit	1.0
rra	1.0
parent	1.0
parenthes	1.0
rtf	1.0
pant	1.0
panorama	1.0
paint	1.0
padi	1.0
paeth	1.0
pageo	1.0
rubl	1.0
painless	1.0
painstak	1.0
pair	1.0
rtls	1.0
pais	1.0
palatin	1.0
palestin	1.0
pallet	1.0
palmachim	1.0
palomar	1.0
perilun	1.0
peripher	1.0
perisol	1.0
plaza	1.0
revolv	1.0
planetarium	1.0
planeten	1.0
planetenproject	1.0
revolutionari	1.0
plant	1.0
plaqu	1.0
revolt	1.0
revisit	1.0
plate	1.0
revisionist	1.0
revel	1.0
playback	1.0
rev	1.0
playground	1.0
plane	1.0
rfi	1.0
rfsagc	1.0
pittsfield	1.0
piss	1.0
richelson	1.0
pit	1.0
riac	1.0
pithi	1.0
piti	1.0
pivot	1.0
plakken	1.0
rhyolite	1.0
rhyolit	1.0
plaat	1.0
plaatsvond	1.0
place	1.0
plain	1.0
playmat	1.0
plead	1.0
periterr	1.0
pleas	1.0
pointi	1.0
poison	1.0
retreiv	1.0
retrain	1.0
retract	1.0
polex	1.0
poli	1.0
polic	1.0
polish	1.0
reticuli	1.0
political	1.0
retail	1.0
poll	1.0
polybutadien	1.0
polyest	1.0
retro	1.0
pocket	1.0
pnumat	1.0
plss	1.0
reuseabl	1.0
plenti	1.0
plesetsk	1.0
plestek	1.0
reusable	1.0
reus	1.0
plt	1.0
pmt	1.0
plug	1.0
plumb	1.0
retyp	1.0
retrofit	1.0
pmc	1.0
pmirr	1.0
pirenn	1.0
ricketi	1.0
rid	1.0
pion	1.0
rms	1.0
perub	1.0
perus	1.0
peski	1.0
pessim	1.0
rked	1.0
petroleum	1.0
pff	1.0
pfl	1.0
ph	1.0
rival	1.0
pheneomenon	1.0
phenol	1.0
phenomena	1.0
phenomenon	1.0
pertin	1.0
persuas	1.0
persuad	1.0
pernici	1.0
perizeon	1.0
perk	1.0
perl	1.0
rockoon	1.0
permiss	1.0
rocketship	1.0
rock	1.0
perspect	1.0
perpindicular	1.0
persist	1.0
roald	1.0
personn	1.0
rngc	1.0
personnelli	1.0
phi	1.0
philadelphia	1.0
philosophi	1.0
rigid	1.0
phsyical	1.0
rigth	1.0
physician	1.0
physics	1.0
physiolog	1.0
pick	1.0
pie	1.0
photovolta	1.0
righteous	1.0
pigeon	1.0
rig	1.0
ridicul	1.0
pinkish	1.0
pint	1.0
phrase	1.0
photosynthet	1.0
ritual	1.0
photographi	1.0
riski	1.0
phoni	1.0
phosphat	1.0
photochem	1.0
photoelectr	1.0
ripstop	1.0
photointellig	1.0
photopolarimt	1.0
photomet	1.0
photometr	1.0
photometri	1.0
ringlet	1.0
photomultipli	1.0
rim	1.0
master	1.0
mast	1.0
massless	1.0
hmmmm	1.0
hissi	1.0
histor	1.0
stow	1.0
historian	1.0
historisch	1.0
story	1.0
hitch	1.0
hitter	1.0
hiya	1.0
hjistor	1.0
hlc	1.0
hlv	1.0
hlvs	1.0
hmc	1.0
hmm	1.0
straal	1.0
hiroshima	1.0
hire	1.0
strand	1.0
hidden	1.0
strass	1.0
hidetoshi	1.0
stranger	1.0
hierarchi	1.0
hierme	1.0
straddl	1.0
hip	1.0
highest	1.0
highlight	1.0
highway	1.0
hilger	1.0
hint	1.0
hinterland	1.0
hmmm	1.0
store	1.0
hic	1.0
hoe	1.0
hound	1.0
stockpil	1.0
hours	1.0
stockholm	1.0
household	1.0
housekeep	1.0
stis	1.0
howl	1.0
stir	1.0
stipul	1.0
hq	1.0
hri	1.0
hrumph	1.0
hs	1.0
hsp	1.0
hotel	1.0
hot	1.0
host	1.0
hominum	1.0
hoeven	1.0
holderman	1.0
storabl	1.0
holist	1.0
hollow	1.0
stonewal	1.0
homogen	1.0
hospit	1.0
honest	1.0
hope	1.0
stomach	1.0
stol	1.0
horizonti	1.0
hose	1.0
hicksvill	1.0
hhhmmmmm	1.0
hte	1.0
health	1.0
hat	1.0
hate	1.0
hatter	1.0
haunt	1.0
havent	1.0
havign	1.0
hawaii	1.0
hawiian	1.0
strip	1.0
hazard	1.0
stringent	1.0
header	1.0
string	1.0
strike	1.0
headspac	1.0
hassl	1.0
harvard	1.0
harmon	1.0
stronger	1.0
hang	1.0
hangar	1.0
strut	1.0
struggl	1.0
happens	1.0
structure	1.0
hardback	1.0
hardwork	1.0
hardcov	1.0
harden	1.0
hardest	1.0
strongback	1.0
strong	1.0
hardware	1.0
heal	1.0
healthi	1.0
stratigraph	1.0
heao	1.0
helicopt	1.0
helin	1.0
heliocentr	1.0
helion	1.0
heliopaus	1.0
heliospher	1.0
helium	1.0
help	1.0
stratus	1.0
hemmorrhoid	1.0
hemorag	1.0
hernquist	1.0
heroic	1.0
hertzsprung	1.0
hesit	1.0
heir	1.0
heinlein	1.0
heiken	1.0
stretch	1.0
hear	1.0
hearken	1.0
heart	1.0
strict	1.0
heatsink	1.0
heaven	1.0
stress	1.0
heh	1.0
heaviest	1.0
heavili	1.0
hedendaags	1.0
heel	1.0
stream	1.0
hefti	1.0
stingray	1.0
hub	1.0
simpler	1.0
inclusief	1.0
impoverish	1.0
stareach	1.0
impressi	1.0
imprison	1.0
star	1.0
inaccess	1.0
inaccur	1.0
inadequ	1.0
inappropri	1.0
stapl	1.0
incent	1.0
incept	1.0
stapel	1.0
stanford	1.0
standdown	1.0
impot	1.0
starflight	1.0
implod	1.0
impacts	1.0
immens	1.0
immers	1.0
immigr	1.0
startl	1.0
imo	1.0
starsail	1.0
impair	1.0
implicit	1.0
impass	1.0
impati	1.0
impedi	1.0
impel	1.0
impetus	1.0
implement	1.0
inclus	1.0
incompat	1.0
immedi	1.0
incomplet	1.0
indirect	1.0
staehl	1.0
st	1.0
indoctrin	1.0
indoor	1.0
induc	1.0
induct	1.0
sstick	1.0
ineffici	1.0
inertia	1.0
inevit	1.0
ssrms	1.0
infal	1.0
ssrbs	1.0
infiltr	1.0
indigo	1.0
indigen	1.0
staf	1.0
incorpor	1.0
incompress	1.0
inconsequenti	1.0
inconst	1.0
inconveni	1.0
inconvien	1.0
stamp	1.0
stake	1.0
indiana	1.0
stainless	1.0
increment	1.0
ind	1.0
indentur	1.0
staget	1.0
indian	1.0
immediat	1.0
immatur	1.0
huddl	1.0
ich	1.0
hyperbol	1.0
hyperion	1.0
hyperon	1.0
hypocrit	1.0
hypothes	1.0
hypothesi	1.0
iah	1.0
sterrekundig	1.0
iappp	1.0
iauc	1.0
iberian	1.0
stenni	1.0
icarus	1.0
stelt	1.0
ice	1.0
sterrenkundesymposium	1.0
sterrenkundigen	1.0
hydra	1.0
hundredth	1.0
hudrogen	1.0
stil	1.0
stick	1.0
sticht	1.0
humanoid	1.0
hundr	1.0
hunt	1.0
huzel	1.0
stesis	1.0
hurdl	1.0
hurri	1.0
hurt	1.0
hut	1.0
stesi	1.0
icf	1.0
ichiro	1.0
imho	1.0
ici	1.0
il	1.0
ill	1.0
illeg	1.0
illinoi	1.0
illumin	1.0
illus	1.0
static	1.0
ilmenit	1.0
iluchin	1.0
statement	1.0
starv	1.0
imaginari	1.0
startup	1.0
imdisp	1.0
imens	1.0
stationkeep	1.0
statist	1.0
statut	1.0
steep	1.0
ick	1.0
stellen	1.0
ideal	1.0
steinn	1.0
steer	1.0
idiot	1.0
idlastro	1.0
steadili	1.0
steam	1.0
ifth	1.0
igc	1.0
igi	1.0
igm	1.0
steal	1.0
handout	1.0
sts	1.0
handhold	1.0
generati	1.0
gauss	1.0
supersed	1.0
gawn	1.0
gbt	1.0
gcvs	1.0
gds	1.0
gear	1.0
geddit	1.0
superior	1.0
geleden	1.0
gelegenheid	1.0
gem	1.0
superintend	1.0
gen	1.0
general	1.0
gaubatz	1.0
superson	1.0
supervis	1.0
supplement	1.0
galilleo	1.0
gallileo	1.0
reassign	1.0
gap	1.0
garbag	1.0
garch	1.0
gase	1.0
gateway	1.0
gaseous	1.0
gasp	1.0
supp	1.0
gastrointestin	1.0
gastronom	1.0
supervisor	1.0
superimpos	1.0
generic	1.0
galaxy	1.0
generous	1.0
geosync	1.0
geosynch	1.0
geosynchron	1.0
gepiekt	1.0
germani	1.0
germanium	1.0
geschiedt	1.0
geta	1.0
getracht	1.0
gewacht	1.0
geyser	1.0
ghast	1.0
ghetto	1.0
ghod	1.0
ghost	1.0
superbowl	1.0
supercar	1.0
geometri	1.0
geod	1.0
genet	1.0
genius	1.0
genoeg	1.0
gentl	1.0
geocentr	1.0
geochem	1.0
geodea	1.0
geologist	1.0
geodeb	1.0
geodesi	1.0
superconduct	1.0
geograph	1.0
geographi	1.0
supercollid	1.0
galilean	1.0
suptermarket	1.0
stsci	1.0
frr	1.0
sustaint	1.0
suspicion	1.0
suspici	1.0
fresh	1.0
frg	1.0
suspend	1.0
friedrichsen	1.0
frighten	1.0
fring	1.0
frivil	1.0
frivol	1.0
frog	1.0
frontier	1.0
froth	1.0
froze	1.0
freighter	1.0
frei	1.0
freez	1.0
frank	1.0
fragil	1.0
fragment	1.0
frame	1.0
framework	1.0
francisco	1.0
sweden	1.0
frantic	1.0
freeli	1.0
swear	1.0
swashbuckl	1.0
swas	1.0
freaks	1.0
fred	1.0
swaraj	1.0
frozen	1.0
suspect	1.0
gal	1.0
fruitless	1.0
furusawa	1.0
fus	1.0
fuse	1.0
surpass	1.0
surg	1.0
futher	1.0
sure	1.0
fuzzi	1.0
fwhm	1.0
fwiw	1.0
fyi	1.0
gaa	1.0
gaat	1.0
gailileo	1.0
gain	1.0
furthest	1.0
furrow	1.0
furnish	1.0
fulli	1.0
survivour	1.0
ftpabl	1.0
fts	1.0
surviv	1.0
fukao	1.0
fulfil	1.0
fun	1.0
furmint	1.0
surveil	1.0
surround	1.0
surreal	1.0
fundrais	1.0
funni	1.0
furl	1.0
sunnyval	1.0
ghz	1.0
gi	1.0
submiss	1.0
greenhous	1.0
grela	1.0
greter	1.0
grew	1.0
grid	1.0
grip	1.0
grisham	1.0
subsequ	1.0
subsatellit	1.0
grovel	1.0
subpart	1.0
grown	1.0
grumman	1.0
grunt	1.0
gsc	1.0
subset	1.0
greenbelt	1.0
subsist	1.0
gravitacion	1.0
succeed	1.0
grate	1.0
grateful	1.0
gratif	1.0
grav	1.0
subtract	1.0
subtl	1.0
greed	1.0
graze	1.0
subsystem	1.0
substitut	1.0
substant	1.0
grechko	1.0
greec	1.0
gse	1.0
gslv	1.0
sunday	1.0
gsm	1.0
su	1.0
hack	1.0
style	1.0
hail	1.0
hainaut	1.0
haitus	1.0
hal	1.0
stunt	1.0
hall	1.0
hallucin	1.0
halocarbon	1.0
halt	1.0
halv	1.0
hamamatsu	1.0
studium	1.0
subarray	1.0
haar	1.0
haalbaarheid	1.0
guiana	1.0
gto	1.0
guarante	1.0
guard	1.0
guardian	1.0
gue	1.0
guess	1.0
submillimeterwav	1.0
subdirectori	1.0
guidelin	1.0
gummint	1.0
submarin	1.0
gut	1.0
guten	1.0
guy	1.0
successor	1.0
graphit	1.0
succul	1.0
succumb	1.0
glib	1.0
summar	1.0
sumitomo	1.0
globe	1.0
globular	1.0
glomr	1.0
glossari	1.0
sum	1.0
glow	1.0
glu	1.0
glue	1.0
gm	1.0
gmc	1.0
gmm	1.0
gmrt	1.0
gleefulli	1.0
glean	1.0
summaris	1.0
gironumm	1.0
sunburn	1.0
gigawatt	1.0
gimic	1.0
ginga	1.0
sun	1.0
girder	1.0
gis	1.0
glavcosmo	1.0
gisburn	1.0
giss	1.0
glare	1.0
glasnost	1.0
glassi	1.0
glasston	1.0
sulphur	1.0
sulfat	1.0
suitabl	1.0
grandfath	1.0
sucker	1.0
gradient	1.0
gradual	1.0
suck	1.0
suchlik	1.0
sucessor	1.0
grandi	1.0
grab	1.0
granit	1.0
grant	1.0
grantabl	1.0
granter	1.0
grape	1.0
grapevin	1.0
grace	1.0
sudden	1.0
goguen	1.0
gota	1.0
golgafrinchan	1.0
gondola	1.0
gori	1.0
gorilla	1.0
gorizont	1.0
gosh	1.0
gouldin	1.0
gpc	1.0
gover	1.0
suffic	1.0
governemtn	1.0
government	1.0
govt	1.0
gox	1.0
ssrb	1.0
sspf	1.0
inflatebl	1.0
liaison	1.0
soem	1.0
sock	1.0
lev	1.0
society	1.0
leverag	1.0
societ	1.0
lewisvill	1.0
lexan	1.0
socialist	1.0
social	1.0
lfsa	1.0
lga	1.0
lgm	1.0
lh	1.0
lhe	1.0
sofi	1.0
lerc	1.0
softquad	1.0
legionair	1.0
leftov	1.0
leg	1.0
solar	1.0
legal	1.0
legales	1.0
leghorn	1.0
soho	1.0
lend	1.0
legit	1.0
legitim	1.0
software	1.0
lei	1.0
leiden	1.0
lemur	1.0
lhx	1.0
zware	1.0
leer	1.0
sober	1.0
liken	1.0
likewis	1.0
lillienth	1.0
limbo	1.0
smoke	1.0
line	1.0
linear	1.0
lineup	1.0
smoggi	1.0
linkup	1.0
linscott	1.0
smog	1.0
lisp	1.0
smm	1.0
smithsonian	1.0
like	1.0
lightweight	1.0
lightship	1.0
lie	1.0
libertopican	1.0
soak	1.0
librarian	1.0
snu	1.0
snell	1.0
lidar	1.0
liek	1.0
snail	1.0
snatcher	1.0
snapshot	1.0
lifter	1.0
liftoff	1.0
light	1.0
lightn	1.0
left	1.0
led	1.0
kralizec	1.0
larrison	1.0
lambeck	1.0
lambeth	1.0
lame	1.0
lamp	1.0
landform	1.0
landmass	1.0
sorta	1.0
landscap	1.0
sorbonnelaan	1.0
lanl	1.0
lanzerotti	1.0
laps	1.0
sophist	1.0
sooner	1.0
sonic	1.0
lake	1.0
laid	1.0
lag	1.0
southwestern	1.0
krypton	1.0
ksc	1.0
ksloc	1.0
kt	1.0
ktb	1.0
kudo	1.0
kunnen	1.0
ladner	1.0
kyg	1.0
kyger	1.0
southwest	1.0
southeast	1.0
label	1.0
sourcebook	1.0
soni	1.0
larson	1.0
solarreport	1.0
song	1.0
lbj	1.0
somalia	1.0
soma	1.0
solv	1.0
ldrs	1.0
solicit	1.0
leader	1.0
solemn	1.0
leag	1.0
leak	1.0
leapfrog	1.0
learjet	1.0
sole	1.0
leas	1.0
soldier	1.0
lb	1.0
someday	1.0
layman	1.0
somethin	1.0
lasers	1.0
lastl	1.0
lat	1.0
laten	1.0
somth	1.0
somewhat	1.0
lattitud	1.0
layer	1.0
someth	1.0
someoth	1.0
lava	1.0
lawnmow	1.0
lawyer	1.0
lay	1.0
listserv	1.0
liter	1.0
literatur	1.0
sixth	1.0
mainstream	1.0
skim	1.0
maj	1.0
majellan	1.0
majesti	1.0
ski	1.0
skeptic	1.0
maken	1.0
maker	1.0
makeup	1.0
sizeabl	1.0
mall	1.0
mallov	1.0
malread	1.0
mammal	1.0
maimon	1.0
mailer	1.0
skin	1.0
magazin	1.0
slam	1.0
slagen	1.0
machineri	1.0
mackowski	1.0
skysweep	1.0
mad	1.0
skys	1.0
skinni	1.0
magic	1.0
magliacan	1.0
skypix	1.0
sky	1.0
magnetotail	1.0
magnific	1.0
mammoth	1.0
management	1.0
littel	1.0
manager	1.0
mariatta	1.0
sineva	1.0
sincer	1.0
simultan	1.0
marketplac	1.0
markowitz	1.0
marksistskaja	1.0
marri	1.0
mars	1.0
marshal	1.0
marsquak	1.0
simplist	1.0
simplifi	1.0
simplic	1.0
masco	1.0
sink	1.0
march	1.0
mar	1.0
mankind	1.0
manassa	1.0
mandatori	1.0
sixteen	1.0
manev	1.0
situat	1.0
sites	1.0
manned	1.0
mapper	1.0
manpow	1.0
manual	1.0
manuev	1.0
manufacturing	1.0
manuv	1.0
sirtf	1.0
machan	1.0
macdonnel	1.0
macdac	1.0
slar	1.0
long	1.0
slowli	1.0
longest	1.0
longitud	1.0
longitude	1.0
lookng	1.0
loop	1.0
loophol	1.0
loos	1.0
loosen	1.0
slow	1.0
slope	1.0
slipperi	1.0
lossless	1.0
slip	1.0
lone	1.0
london	1.0
slug	1.0
sme	1.0
little	1.0
smiley	1.0
living	1.0
smile	1.0
smex	1.0
lmc	1.0
loan	1.0
logist	1.0
smc	1.0
slv	1.0
lock	1.0
lodg	1.0
logic	1.0
login	1.0
slingshot	1.0
lots	1.0
lotteri	1.0
slew	1.0
luck	1.0
lucrat	1.0
luminos	1.0
lumpi	1.0
lunari	1.0
slid	1.0
slash	1.0
luanch	1.0
lunokhod	1.0
lute	1.0
ma	1.0
maart	1.0
mac	1.0
macalloon	1.0
lucid	1.0
ltp	1.0
loudspeak	1.0
lowest	1.0
louisiana	1.0
lousi	1.0
lout	1.0
love	1.0
lover	1.0
lower	1.0
slime	1.0
lsr	1.0
lpi	1.0
slightest	1.0
lrb	1.0
lrv	1.0
lsb	1.0
lsoc	1.0
krumin	1.0
kpno	1.0
inflight	1.0
sponsorship	1.0
interview	1.0
intestin	1.0
inth	1.0
intrepid	1.0
intrigu	1.0
sporad	1.0
introduc	1.0
spoon	1.0
intrus	1.0
intuit	1.0
invari	1.0
invas	1.0
invent	1.0
inventor	1.0
invers	1.0
interv	1.0
interupt	1.0
sporat	1.0
intermitt	1.0
interfac	1.0
interfer	1.0
interferomet	1.0
interferometri	1.0
intergalact	1.0
intermediari	1.0
spout	1.0
interstel	1.0
internship	1.0
interperson	1.0
spotti	1.0
sport	1.0
intersci	1.0
intersect	1.0
spool	1.0
sponser	1.0
interentest	1.0
invitation	1.0
irrelev	1.0
irreplac	1.0
irrespons	1.0
irrig	1.0
irrit	1.0
split	1.0
isakowitz	1.0
splice	1.0
splendid	1.0
isi	1.0
splashdown	1.0
ism	1.0
spite	1.0
isol	1.0
isotrop	1.0
irregular	1.0
irradi	1.0
iron	1.0
ipn	1.0
sponabl	1.0
involved	1.0
invovl	1.0
io	1.0
ionospher	1.0
ip	1.0
ir	1.0
irl	1.0
spoke	1.0
iraf	1.0
iraq	1.0
irbm	1.0
ire	1.0
spoilsport	1.0
interesting	1.0
interdisciplinari	1.0
soverign	1.0
squeez	1.0
srms	1.0
inhibit	1.0
srm	1.0
srbs	1.0
inleidend	1.0
inlin	1.0
srand	1.0
inooka	1.0
input	1.0
inquir	1.0
inquiri	1.0
inroad	1.0
squirt	1.0
insecticid	1.0
insemin	1.0
inhal	1.0
inhabit	1.0
srmu	1.0
informati	1.0
influ	1.0
ssme	1.0
influenti	1.0
ssi	1.0
inforc	1.0
ssd	1.0
information	1.0
ingor	1.0
ssc	1.0
srt	1.0
ingaan	1.0
ingest	1.0
ingezet	1.0
inglesid	1.0
squirrel	1.0
insight	1.0
intercontinent	1.0
insist	1.0
spun	1.0
integr	1.0
intellect	1.0
intellectu	1.0
sps	1.0
intelsat	1.0
spreker	1.0
intensifi	1.0
intent	1.0
spreadsheet	1.0
spread	1.0
interamerican	1.0
interced	1.0
intercept	1.0
interchang	1.0
inta	1.0
int	1.0
spurious	1.0
instanc	1.0
inspect	1.0
squeaki	1.0
inspir	1.0
instabilit	1.0
instabl	1.0
install	1.0
instant	1.0
sputnik	1.0
instea	1.0
instituut	1.0
instru	1.0
instruct	1.0
instructor	1.0
insul	1.0
isotropi	1.0
spirit	1.0
ispm	1.0
kick	1.0
keithley	1.0
kelo	1.0
keo	1.0
kepler	1.0
keplerian	1.0
keratomi	1.0
span	1.0
ketter	1.0
kevlar	1.0
spall	1.0
keynot	1.0
keyword	1.0
kg	1.0
kgb	1.0
khrunichev	1.0
spanish	1.0
keeper	1.0
kazakstan	1.0
kaliningrad	1.0
jupmoon	1.0
jurriaan	1.0
jus	1.0
justif	1.0
justifi	1.0
kagoshima	1.0
spare	1.0
kayton	1.0
kangaroo	1.0
kaplow	1.0
kapustin	1.0
karamankar	1.0
karla	1.0
kauri	1.0
khz	1.0
kicker	1.0
isr	1.0
kid	1.0
spacehab	1.0
knippen	1.0
knot	1.0
know	1.0
spacefood	1.0
koestler	1.0
spacefight	1.0
spacedr	1.0
kooki	1.0
kopp	1.0
koppel	1.0
spacedigestarchive	1.0
soyuzkarta	1.0
kosmisch	1.0
soyuz	1.0
kms	1.0
kmart	1.0
spacelan	1.0
spaceship	1.0
kiddo	1.0
spain	1.0
kilobyt	1.0
spacewatch	1.0
spacewarn	1.0
kilroy	1.0
kinda	1.0
klis	1.0
kinet	1.0
kink	1.0
kirtland	1.0
kiso	1.0
spacenew	1.0
kitt	1.0
jupiter	1.0
spark	1.0
junta	1.0
spars	1.0
jan	1.0
jansz	1.0
janurari	1.0
japanees	1.0
jargon	1.0
javelin	1.0
spectral	1.0
jealous	1.0
jeden	1.0
jelli	1.0
jenni	1.0
jerk	1.0
spectra	1.0
spectat	1.0
jewelri	1.0
jam	1.0
jack	1.0
spell	1.0
spheromak	1.0
issn	1.0
spinoff	1.0
issuanc	1.0
spine	1.0
isus	1.0
itab	1.0
italiano	1.0
iwan	1.0
spher	1.0
spgs	1.0
ito	1.0
itti	1.0
speulat	1.0
ius	1.0
jeyasingh	1.0
jgr	1.0
jila	1.0
spazial	1.0
speac	1.0
jst	1.0
jsut	1.0
spdm	1.0
judgement	1.0
judgment	1.0
jul	1.0
jpldescript	1.0
spawn	1.0
julius	1.0
jumbo	1.0
jun	1.0
jungcla	1.0
spatial	1.0
jr	1.0
speaker	1.0
jiquan	1.0
specifiek	1.0
jmr	1.0
jo	1.0
spectacular	1.0
jockey	1.0
jog	1.0
jogden	1.0
specifi	1.0
joy	1.0
specialti	1.0
jolt	1.0
jordin	1.0
speci	1.0
specfic	1.0
speal	1.0
liar	1.0
